-- phpMyAdmin SQL Dump
-- version 5.2.0
-- https://www.phpmyadmin.net/
--
-- Gép: 127.0.0.1
-- Létrehozás ideje: 2023. Okt 28. 18:11
-- Kiszolgáló verziója: 10.4.27-MariaDB
-- PHP verzió: 8.2.0

SET SQL_MODE = "NO_AUTO_VALUE_ON_ZERO";
START TRANSACTION;
SET time_zone = "+00:00";


/*!40101 SET @OLD_CHARACTER_SET_CLIENT=@@CHARACTER_SET_CLIENT */;
/*!40101 SET @OLD_CHARACTER_SET_RESULTS=@@CHARACTER_SET_RESULTS */;
/*!40101 SET @OLD_COLLATION_CONNECTION=@@COLLATION_CONNECTION */;
/*!40101 SET NAMES utf8mb4 */;

--
-- Adatbázis: `szd_jatekositas`
--

-- --------------------------------------------------------

--
-- Tábla szerkezet ehhez a táblához `eredmenyek`
--

CREATE TABLE `eredmenyek` (
  `eredmeny_ID` int(11) NOT NULL,
  `het_ID` int(11) DEFAULT NULL,
  `kurzus_NEV` varchar(40) NOT NULL,
  `neptun_KOD` varchar(6) DEFAULT NULL,
  `eredmeny_PONT` int(3) DEFAULT 0,
  `bekuldes` timestamp NOT NULL DEFAULT current_timestamp() ON UPDATE current_timestamp()
) ENGINE=InnoDB DEFAULT CHARSET=utf8mb4 COLLATE=utf8mb4_general_ci;

--
-- A tábla adatainak kiíratása `eredmenyek`
--

INSERT INTO `eredmenyek` (`eredmeny_ID`, `het_ID`, `kurzus_NEV`, `neptun_KOD`, `eredmeny_PONT`, `bekuldes`) VALUES
(1, 2, 'Teszt kurzus', 'BATMAN', 8, '2023-10-26 19:45:02'),
(2, 2, 'Teszt kurzus', 'TESZT2', 15, '2023-10-26 19:57:28'),
(3, 1, 'Teszt kurzus', 'BATMAN', 88, '2023-10-26 20:30:40'),
(4, 4, 'Teszt kurzus', 'BATMAN', 80, '2023-10-26 20:47:55');

-- --------------------------------------------------------

--
-- Tábla szerkezet ehhez a táblához `fajlok`
--

CREATE TABLE `fajlok` (
  `fajlid` int(11) NOT NULL,
  `hetid` int(11) NOT NULL,
  `fajlnev` varchar(30) NOT NULL,
  `fajltipus` varchar(6) NOT NULL,
  `fajl` longblob NOT NULL
) ENGINE=InnoDB DEFAULT CHARSET=utf8mb4 COLLATE=utf8mb4_general_ci;

--
-- A tábla adatainak kiíratása `fajlok`
--

INSERT INTO `fajlok` (`fajlid`, `hetid`, `fajlnev`, `fajltipus`, `fajl`) VALUES
(1, 1, 'Teszt file', 'pdf', 0x255044462d312e370d0a25b5b5b5b50d0a312030206f626a0d0a3c3c2f547970652f436174616c6f672f50616765732032203020522f4c616e6728687529202f53747275637454726565526f6f74203135203020522f4d61726b496e666f3c3c2f4d61726b656420747275653e3e2f4d65746164617461203237203020522f566965776572507265666572656e636573203238203020523e3e0d0a656e646f626a0d0a322030206f626a0d0a3c3c2f547970652f50616765732f436f756e7420312f4b6964735b2033203020525d203e3e0d0a656e646f626a0d0a332030206f626a0d0a3c3c2f547970652f506167652f506172656e742032203020522f5265736f75726365733c3c2f466f6e743c3c2f46312035203020522f4632203132203020523e3e2f4578744753746174653c3c2f47533130203130203020522f47533131203131203020523e3e2f50726f635365745b2f5044462f546578742f496d616765422f496d616765432f496d616765495d203e3e2f4d65646961426f785b20302030203539352e3332203834312e39325d202f436f6e74656e74732034203020522f47726f75703c3c2f547970652f47726f75702f532f5472616e73706172656e63792f43532f4465766963655247423e3e2f546162732f532f537472756374506172656e747320303e3e0d0a656e646f626a0d0a342030206f626a0d0a3c3c2f46696c7465722f466c6174654465636f64652f4c656e677468203139313e3e0d0a73747265616d0d0a789c958e3b0bc2401084fb83fb0f531ac1cbee19933b08013de30b5388110bb148a1b131f8c0ffef696c041bb7d91976d8f910ae2f5583340d0b371f83c265d5d4e89c1ebdd926c8328cc60e572948d16b8c491884811da8be868958598ddb418a6d178d14a3528a70c2605614a13c4af14a13180929a3232431a9d8a03cfbdc74cd84faee7fa36e2d7fec548a5d4a6c8799f58b732fe92d9dcba2f6b047b99022f77d2b29fee4d33ff8ac56147ff1bda95a960e82af3ee485c313fd283e680d0a656e6473747265616d0d0a656e646f626a0d0a352030206f626a0d0a3c3c2f547970652f466f6e742f537562747970652f54797065302f42617365466f6e742f4243444545452b43616c696272692f456e636f64696e672f4964656e746974792d482f44657363656e64616e74466f6e74732036203020522f546f556e69636f6465203233203020523e3e0d0a656e646f626a0d0a362030206f626a0d0a5b2037203020525d200d0a656e646f626a0d0a372030206f626a0d0a3c3c2f42617365466f6e742f4243444545452b43616c696272692f537562747970652f434944466f6e7454797065322f547970652f466f6e742f434944546f4749444d61702f4964656e746974792f445720313030302f43494453797374656d496e666f2038203020522f466f6e7444657363726970746f722039203020522f57203235203020523e3e0d0a656e646f626a0d0a382030206f626a0d0a3c3c2f4f72646572696e67284964656e7469747929202f52656769737472792841646f626529202f537570706c656d656e7420303e3e0d0a656e646f626a0d0a392030206f626a0d0a3c3c2f547970652f466f6e7444657363726970746f722f466f6e744e616d652f4243444545452b43616c696272692f466c6167732033322f4974616c6963416e676c6520302f417363656e74203735302f44657363656e74202d3235302f436170486569676874203735302f4176675769647468203532312f4d6178576964746820313734332f466f6e74576569676874203430302f58486569676874203235302f5374656d562035322f466f6e7442426f785b202d353033202d3235302031323430203735305d202f466f6e7446696c6532203234203020523e3e0d0a656e646f626a0d0a31302030206f626a0d0a3c3c2f547970652f4578744753746174652f424d2f4e6f726d616c2f636120313e3e0d0a656e646f626a0d0a31312030206f626a0d0a3c3c2f547970652f4578744753746174652f424d2f4e6f726d616c2f434120313e3e0d0a656e646f626a0d0a31322030206f626a0d0a3c3c2f547970652f466f6e742f537562747970652f54727565547970652f4e616d652f46322f42617365466f6e742f4243444645452b43616c696272692f456e636f64696e672f57696e416e7369456e636f64696e672f466f6e7444657363726970746f72203133203020522f4669727374436861722033322f4c617374436861722033322f576964746873203236203020523e3e0d0a656e646f626a0d0a31332030206f626a0d0a3c3c2f547970652f466f6e7444657363726970746f722f466f6e744e616d652f4243444645452b43616c696272692f466c6167732033322f4974616c6963416e676c6520302f417363656e74203735302f44657363656e74202d3235302f436170486569676874203735302f4176675769647468203532312f4d6178576964746820313734332f466f6e74576569676874203430302f58486569676874203235302f5374656d562035322f466f6e7442426f785b202d353033202d3235302031323430203735305d202f466f6e7446696c6532203234203020523e3e0d0a656e646f626a0d0a31342030206f626a0d0a3c3c2f417574686f722841647269656e6e204761737061726f7669637329202f43726561746f7228feff004d006900630072006f0073006f0066007400ae00200057006f00720064002000610020004d006900630072006f0073006f006600740020003300360035002d006800f6007a29202f4372656174696f6e4461746528443a32303233303933303134353331362b30322730302729202f4d6f644461746528443a32303233303933303134353331362b30322730302729202f50726f647563657228feff004d006900630072006f0073006f0066007400ae00200057006f00720064002000610020004d006900630072006f0073006f006600740020003300360035002d006800f6007a29203e3e0d0a656e646f626a0d0a32322030206f626a0d0a3c3c2f547970652f4f626a53746d2f4e20372f46697273742034362f46696c7465722f466c6174654465636f64652f4c656e677468203330323e3e0d0a73747265616d0d0a789c6d51c16ac24010bd0bfec3fcc124366a05114a552c620889d0837858e3342e26bbb26e40ffbe334dac3978d865deec7b2f6f328300020827300c211c4218f01931e6338628e2e63b44a308062144e3094ca798083b8014334c707bbf1066ded5b95f9454e17a07c11e3029e04d38b359bfd74886ad646ef3ba22e35f29071225dd43abea30b68e28b5d6636a4bdaa88b6414bf4439f69257892b1db669e2498affd7986e7e4d77085beb257b19eb0963b916e6f8045ba61eec0d33ca3dae481dc935b5681ef59729b5a1eca424a1343e0c3b28afad69b1f3fa4771f187bead3b1fac3d3fa797cef544e425a4c78dca9dede0cf13df1d3cd7aab445a79195fa481d6ef31da6154e55b8d445ed7814ed4bc2d563e8b8aeaebc1e5965f737c7aaa2ebae81cf1df47bbf9b2fa5bb0d0a656e6473747265616d0d0a656e646f626a0d0a32332030206f626a0d0a3c3c2f46696c7465722f466c6174654465636f64652f4c656e677468203234353e3e0d0a73747265616d0d0a789c5d90cd4ac5301085f7798a595e1797a47a5584122855a10b7fb0fa006932ad019b84345df4ed9da4972b3890c0c7cc397318de768f9db309f87bf4bac704a37526e2e2d7a811069cac63950063753a53f9f5ac02e324eeb725e1dcb9d1b3ba06fe41cd25c50d0e8df1035e31fe160d46eb26387cb53d71bf86f08333ba048249090647327a51e155cd08bcc88e9da1be4ddb91347f139f5b40b82e5ced61b437b804a5312a3721ab059584fa994a3274e65fffb4ab86517fab48d355f544d342dcddca4c0fa2d0fdcd4ecd4ea7426dbb53537ccf0e79433ec425be5e63a4e4e55a25720e6b1d5e0e1a7cc8aafc7e011575778a0d0a656e6473747265616d0d0a656e646f626a0d0a32342030206f626a0d0a3c3c2f46696c7465722f466c6174654465636f64652f4c656e6774682032323539362f4c656e677468312038363437323e3e0d0a73747265616d0d0a789cec7d07789455daf639ef3b2d994c6626c9a44dc2cc30249449082401125a0652e89dc124b48414820608bd08184141a328ae1545455761572c93013458b1bb8a1dcbda715dd7866d574584e4bbcffbcc09e557f75ffffdf4dbef9f27b9e7becf73ca7bfafbe4225c619c3166c3878e55950e2f99faec6333aa19ef730d63ca37a5c3c7163ff8ded4b18cf73621bd65c2949cdceb1faedecb18bf00b5aa6ae65737ad58ffe860c6ceba8231d554b37ca97b5fd3ebfd18dbbe8731fdfdf54d73e7af7b471dc0d8826d8c597c731b57d5cf6d79f17cc6763431e6beada1aebaf6c8b85541b41783f6fa37c061b923ed30d22548776b98bf7465e365e603487fc4d8bcdb1b17d6547f3ef6c357187b320dc5a7cdaf5ed9d43b3ae333e437a0bc7b7eddd2ea6bd76f5fce78de16a4cf5b503dbfee86a3dfcc66ecf852c6fa2c695ab8646987936d643cfb2351be69715d53fcdcae298c9dfd141ef7291373611878282a3ef385d9d6c1dfb0140c1b76dfa76b0e087e6dd48a093f1c3dde1cf599a93f92514c6164a86760ed8c3f16bdfd87a347b7477da6b57492a5dc2e3cce5eec72666383a115700edbc4585c7fedb99ca93a1fdfc2f4cca4dfaacf43935d88d517d84685999862d52b8aa25315dd07ac77c77ed6ed6cad07b07153dc6ee6672ce300f5c1788392e966bc43e4a9f7e863c54859822ef6446ff8f3ecff7b33bcc66effadfbf0bfc57475eca693d36af3a9e9ff696630fcf7f44f3d7cda3c4c60a37eb45c054bfbef78fe8f3e6b1e2bf9b59e254c97cfaa4e79fe0f6ce6aff9fc88fd7b4c799a6d3d39ad7ad8a41f2ba7bff354bf7227f3fcd267eae37f79dd7fb7a93d59c5ff4d39e5af6ca4d2c646fcabedf36f59a3d2870de77f61de1f6d77001bfeafb619b188452c6211fbe5a65cc7a37f32af8a1dfe35fbf29f626a3f76d16fdd8788452c62118bd82f37ddc3acfe577fe67c76c9affdcc88452c62118b58c42216b188452c62118bd8ff5e8bfc9c19b188452c62118b58c42216b188452c62118b58c422f63fdbf8d67f5e2662118b58c42216b188452c62118b58c42216b188452c62118b58c42216b188452c62118b58c42216b188452c62118b58c42216b188452c62118b58c42216b188452c62bf8675dcfb5bf7206211fb8d4d0d232dfc97a4b62105a55cc074ac19e964668347fc792a0bebcac6b13ab694ad66dbd30bdd5119073ab4bffd841c37726ad9e2537278c7373863df89027c7247cda79b0e777f7748f829094022da3ea527ea68f56a9ecabbf08bf9167e2d33f0cf34ff57a7ff8d2bedaf5ad15fc452d8cf1b3fd1f22f989b7f6effd25fbc1163fbc93c1af389f4815fdea95fc5d47f6b6bbff15ef3576e3c7fe992c58b9a162e98df78d699f31ae6d6d7d5ce993d6be68ce99515e581a953264f9a3861fcb8b163468f1a39a2acb4a478f8307fd1d02183070d2c2c18d0bf5f4eefecac1e9919ddbc5d5dc909769bd5628e8e32190d7a9daa709655ea2dab720733ab82ba4cefc891d922edad86a3fa244755d00d57d9a96582ee2aad98fbd4927e94ac3fada49f4afa3b4b729b7b301b9c9de52ef5ba83cf9678dd6dbc725239f4e6126f853b7858d3e334adcbd41216243c1ed47097263794b883bcca5d1a2c5bded0525a5582f65acdd1c5dee2bae8ec2cd61a6d863443057b789b5a798fa15c134a8fd281ad0a3359c463836a4669756d70e2a4f2d212a7c753a1f958b1d656d0501c346a6db9e7893eb38bdcad59fb5b2e6eb3b13955be985a6f6df58cf2a05a8d4a2d6a694bcba6a0dd17ece92d09f65cfd4132865c17ccf29694067d5e34366672e70378509f61f3ba5bbe61e8bcf7f067a77aaac31e4386ed1b26a41862e734215f6a86bea187189fc723fa72519b9fcd4122d83ca99cd26e36c71962fe1c5f4550a91239fb658e2320729a654e67f52aaf472c556955f87b794372b0798e3b3b0bb3af7d67e01bf9eea09a5935a7a64170755d8bb7a484e66d6a79d05f02e1af0e8fb5b4b54f0eca57576110f3c4344c2a0fe6789b8209dee154000eb758837953cab52ae16ac184e220abaa09d70ae69496887eb94b5baa4aa883a22defa4f27d2cafe3bdd67cb773771ecb6715a21fc1c4622c4a66694b796d7dd055e5acc5feac77973b3d417f05a6afc25b5e572156c96b0bf67c0f8ff3684fd46a616ca7959685c5c88d192677b9e2542bc46ac1e12ec38777f86064d8b05c5a52ace8f0c1ee72ee64b2189e122e21d429ed20a166148f1459aaa85a3cd2e9a9f090fd4c979ce13ee93382a693dab2c1d1d9277ace4f768d4a8b0ef57497d6959cd4c1531ad5873b186eedc7fba988b9083f18354c623947ca2c350327173e05cd682eb18ac9ee209be82ef7d6792bbcd843fe89e5626c62aeb5f51d33c53b665265b9b6dae15d32f59414e517502ac83cc89609a5187bb0cce794cbaaa54768e9cee4c8d3b247c96cafe8574b4b6d2b5333c45676b6724de88b2faa084ef0557883737c5e8fe8677656ab89c578a65615e3ac96e1baf396557bdd3677594b755b47f39c9656bfbfa5a9b4aa6120ce458b77546d8b774af960a7d6f9c9e56b9dabc5b3e3d8183e66ea7034a5b0e1ad5e7ec1a4563fbf604a65f93e1b63ee0ba6968714ae14570daf68ed86bcf27d6ec6fc9a57115ee11409b7488896262361d2ca3bf7f9196bd672759a434bd7b471a6f94cd2c7594d9b423e1b3d28537b901ff14a4d9b8e72fcb2b40e3e13f99aa9748f706913726c22e75ea688984c6492b53231c1fe68bddfe48ff2c7281605532a5c2178ee45d928ce76c7700b77b6a2cdc99abb8d37b746f99dfbb49626874b36a3a4f03577fad07351eca486f03c1a78e0c4080295e5bb6318dad73e5162b830ecc2e406ec21bc4f4addb562ffada96868a9aa10b7074bc45ec5370f72ef501654bc43d163434c30da5b373c68f60e17fe22e12f22bf41f88dd8f93c9163b1c5a5db52e5c5458c1353ce9c9cce9a2a9a74b775744c2df73ceb3c5ce1c1599a01549607a37c78b9e93346a3dc08812ab847049b6baa453f58a05cd435668caaa9c0b9940da2c8a860145a880ab78012655a1d71de50a9067baddaab49b871753457042b7ce2a1e5f32ab4f36a0bb291de81414326b5a9cf140fcaa96889f3e66a970fce7a74c6264151e81b9b524e1e27927858054d9231063daff122aba6ca4d7b640ace32bd2ca29de4a9c39dafcbacd310ed0c6732312c35c36c890e46f54683f816dadc5bdc39fa0c634505755e4b6d0a17c0b36d41337a9479d254862b607690354af405df9bd05551f461d1cca43636d9bb1257a7e8b4d69211d9414bc6a86abcdda8be191e6f81ac6c1297a039dcc663e4358a91c760de7125b475ecf4aef29c64b83bc4db4fec3fe6dc8783ca2a5a4e7704a7fbb2b34ca77b2d9abba5c564f9f10a345f264b276b4e25a346bc15c062c369fbcd5d2a5e95ded1adca789fc65ce396d15ebc41940c01043a2a8e8fc75d5b214aa1cb13b5bbec270bf1930a89d7b4d6788b6d904cf1708a16b32538f7d4644367b24c00c160466f8a21301471d762af9ce90c366267ca226245dc2d6e9b77a0577c689547085461913a8f05b63f769d3834cd35eef239d8ec68b0acaaa5ac4584a835d5e1690b3f29b8c0774a9338171c9b070d89e1049b27baab2adc55084df9a4728fc789d30876d7234ef5568b57c1441acfc44a2d54a96e115b9c2152a970068d7831d557d7793d788304c50d44b32ffaa80b1f1be66c69f1b604b5735b86c2683e13c76e94207c37f9bcd5752284ae1711749d56b70cddd56647b4e62cf5e22cd7c1adcd25260e57df1cf151d32202f499553ecc84bd25aec55dd8822b7826de1ebacc9a695578558937925b5bea6a275298845122558186a860548628484740f466beaf75a631e38447fb5ee8a3c226ad55f46c727970a22ca29d272116f9824a520132c5e0f9e4ca72794fa9227b14a6d78f5de514b5dd41656a797879b4faa34455a75c30aa068ff60e099fafceb78d7c0fcd70624e7fd28f97833a6c8af294f2042b602ee5c930bfcd0a94375840f933f835f0eb617e15fc0af820f865f04be017c10f811f043f00be9f05984e7993e5035301b553d502b70007013d3b0b2d7166467dce1294475809500b2c05ae00f428fb20f26e418b9cb995f3f64425f3d158d00d52ac97e25c299aa538478a7552ac95628d14674bb15a8a5552ac94628514cba55826c552299648b1488a2629164ab1408af952344a719614674a314f8a0629e64a512f459d14b552d44831478a6a29aaa4982dc52c29664a31438ae952544a512145b9146748314d8a801453a59822c56429264931518a09528c97629c1463a51823c56829464931528a11529449512a458914c5520c976298147e298aa4182ac51029064b31488a8152144a5120c50029fa4bd14f8a7c29f2a4c895a2af147da4c891a2b714d9526449e193a297143da5e82145772932a5c890a29b145e29ba4ae191c22d854b8a2e52a44b912685538a542952a4489622498a44291c522448112f459c1476296c5258a58895c222458c146629a2a58892c22485510a83147a297452a852285270295858f00e29daa5382ec531297e90e2a814df4b71448aefa4f8568a6fa4f887147f97e26b29be92e24b29be90e273290e4bf199149f4af189141f4bf191147f93e24329fe2ac50752fc458af7a53824c57b52bc2bc53b52bc2dc55b52bc29c51b52fc598ad7a5784d8a57a578458a8352bc2cc54b52bc28c50b523c2fc573523c2bc501299e91e26929fe24c553523c29c513523c2ec563523c2ac523523c2cc57e291e92e241291e90e27e29ee93e25e29f649d126c53d52dc2dc55e29f648b15b8a9014ad5204a5b84b8a3ba5b8438adba5d825c56d52fc518a3f48b1538a1d52dc2ac52d52fc5e8a9ba5b8498aed52dc28c50d525c2fc53629ae93e25a29b64a718d14574b719514574a718514974bf13b292e93628b14974a7189149ba5b8588a8ba46891e242292e906293141ba5385f0a19f67019f67019f67019f67019f67019f67019f67019f67019f67019f67019f67019f67019f67019f67019f67019f67019f67019f6f0c552c8f887cbf887cbf887cbf887cbf887cbf887cbf887cbf887cbf887cbf887cbf887cbf887cbf887cbf887cbf887cbf887cbf887cbf887cbf887cbf887cbf887cbf887cbf887cbf887cbf887cbf887cbf887cbf887cbf887cbf887cbf887cbf887cbb087cbb087cbb087cb6887cb6887cb6887cb6887cb6887cb6887cb6887cb6887cb688717ef16a24d392fd465a80b3173a88b03b49e52e786ba0c043553ea1ca275a12e31a0b5945a437436d16aa255a1f461a095a1f462d00aa2e544cb286f29a596102d26e7a250fa705013d142a20554643e5123d159a1b452d09944f3881a88e612d587d24a407594aa25aa219a43544d5445349b6816d59b49a91944d3892a892a88ca89ce209a4614209a4a34856832d124a289441388c6138d231a4b34866874c8390a348a6864c8391a3482a82ce41c032a0d39c7824a888a898653de30aae7272aa27a438986100da69283880652f542a202a20144fd89fa5163f94479d44a2e515fa23ed4580e516faa974d9445e423ea45d493a80751776a3a932883daec46e425ea4a4d7b88dc54cf45d485289d288dc849941a4a1d0f4a214a0ea54e0025112592d3419440ce78a238223be5d988ace48c25b210c5509e99289a288af24c44462243286522481f4a9904d211a9e45428c5899846bc83a85d2bc28f53ea18d10f444729ef7b4a1d21fa8ee85ba26f42c95341ff08254f01fd9d525f137d45f425e57d41a9cf890e137d46799f127d42ce8f893e22fa1bd18754e4af94fa80527fa1d4fb448788dea3bc7789de21e7db446f11bd49f40615f933a55e277a2d947406e8d550d234d02b4407c9f932d14b442f12bd40459e277a8e9ccf121d207a86e8692af227a2a7c8f924d113448f133d46f428957c84520f13ed277a88f21e247a809cf713dd47742fd13ea2362a790fa5ee26da4bb487687728b108140a254e07b5120589ee22ba93e80ea2db897611dd164ac47dcdff48adfc816827e5ed20ba95e816a2df13dd4c7413d176a21ba9b11ba895eb89b651de7544d7126d25ba862a5c4da9ab88ae24ba82f22ea7567e477419e56d21ba94e812a2cd441753c98b28d5427421d105449b8836861cd5a0f3438e39a0f38836841cf5a0f544e7861c015073c881cb989f1372f407ad235a4bd5d750bdb38956871cb5a055547d25d10aa2e544cb8896122da1a61753f545444d21470d682135b6804ace276a243a8be84ca27954af81682ef5ac9eaad711d552c91aa23944d5445544b38966d1a06752cf66104da7415752d315f4a072a233a8bbd3e841016a652ad114a2c9449342097ed0c4508278c2845082d8dee343091b40e34209d9a0b154640cd1e85002e2023e8a5223894690b32c94b00e541a4ad8042a09259c032a0e2534838687e2ca40c388fc44454443437178bff321941a1cb2578006110d0cd9c5d628242a08d947800684ece5a0fe217b25a81fe5e513e585ec59a05c2ad937641703eb13b28bb39943d49baa67d313b2887cd4582fa29ed4580fa2ee4499441921bb98a56e445e6ab32bb5e9a1c6dcd48a8ba80bd54b274a237212a512a5846c3341c921db2c5052c8361b9448e4204a208a278aa30a76aa6023a7952896c842144325cd54329a9c514426222391814aeaa9a48e9c2a9142c48998bfc33ac725d06ead711db7d6ba8e41ff001c05be87ef087cdf01df02df00ff80ffefc0d7c8fb0ae92f812f80cf81c3f07f067c8abc4f90fe18f808f81bf061ec5cd75f631b5c1f007f01de070ec1f71ef85de01de06da4df02bf09bc01fc1978dd7296eb354b5fd7abe0572c8dae83964cd7cbc04bd02f5a7cae1780e781e790ff2c7c072cf35dcf403f0dfd27e8a72c67ba9eb4cc733d6169703d6e99eb7a0c751f457b8f000f03fe8efdf87c08781078206691ebfe98c5aefb6296b8ee8d59eada07b401f7c07f37b017797b90b71bbe10d00a0481bbccab5c779a57bbee30af71dd6e5eebda655ee7ba0df823f0076027b003b8d59cedba05fc7be066d4b909bcdd7c96eb46e81ba0af07b6415f87b6ae455b5bd1d635f05d0d5c055c095c015c0efc0ef52e437b5ba2c7bb2e8d9ee0ba247aae6b73f4adae8ba377bace57335ce7a905ae0dbcc0b53ed01c38775773e09cc0dac0ba5d6b03e6b5dcbcd6b976ccdab3d7ee5afbe65a7f9c217a4d6075e0ec5dab03ab022b022b77ad08dcab6c64f5caf9fec181e5bb960574cb12962d5da6fe6319dfb58c972ce37d9671852db32d732f53639606160796ec5a1c608b272e6e5e1c5cac1b145cfcde62852de6d16d1dfb772f76762903fbd72cb6d8ca160516069a762d0c2ca89f1f38131d9c573037d0b06b6ea0bea03650b7ab3650533027505d5015985d3033306bd7ccc08c82cac0f45d95818a82f2c019283fad606a20b06b6a604ac1a4c0e45d9302130ac607c6c33fae604c60ecae3181d1052303a3768d0c8c28280b9462f02ccd96e64e536da203e3d3d013e6e4c3fb38fdcef79c5f3a75cc1974ee77aa71d65457aad2d39ac28b27a4f08529e7a45c9aa25a939f4f56fcc93db3caac49cf27bd9bf445922ede9fd4b377194bb425ba135587185be2b8a9651a179510f7eda78dd595e8cd2cb33ab8d5e17228a55f38f846a67237e78cdb40aa0965f67087ab4c7d808b5fa8d333ceb7b0a9be316d2636794cd034717a905f10cc98223efd932a83860b822c5039bdbc95f34b2ab4df490826885f2ad1d2e76fdeccd2878f09a64f290fa9dbb7a70faf18136c16daefd77487d00c452a7cb3962c5be22bf70f61f6f7ec5fda55c743b6e76d8ad5caadd60eabe2b7a2f3d65857ac223e3a62557f6cdf0165568bcba2888f0e8b9ae8b7c023c6d73d66e2d432abd965560245e60966c56f2e2a2ef39bb3fb94fd1fe3dc2dc6494ff62d9d858f594b96fab46fa42af83291f409aff85eb21469f1b54c4b33dfcf1a1503cd5e025b2a9d4b7fbed6ff74e3bf7507fef38d7e93675887721eab553600eb81738166e01c601db01658039c0dac0656012b8115c0726019b01458022c029a8085c002603ed0089c059c09cc031a80b9403d5007d40235c01ca01aa8026603b38099c00c603a50095400e5c019c03420004c05a600938149c0446002301e18078c05c600a38151c048600450069402254031301c1806f8812260283004180c0c0206028540013000e80ff403f2813c2017e80bf4017280de40369005f8805e404fa007d01dc80432806e8017e80a780037e002ba00e9401ae004528114201948021201079000c40371801db001562016b0003180198806a2001360040c801ed00debc0a70a28000718abe5f0f176e038700cf801380a7c0f1c01be03be05be01fe01fc1df81af80af812f802f81c380c7c067c0a7c027c0c7c04fc0df810f82bf001f017e07de010f01ef02ef00ef036f016f026f006f067e075e035e055e015e020f032f012f022f002f03cf01cf02c70007806781af813f014f024f004f038f018f028f008f030b01f780878107800b81fb80fb817d807b401f70077037b813dc06e2004b40241e02ee04ee00ee0766017701bf047e00fc04e6007702b700bf07be066e026603b70237003703db00db80eb816d80a5c035c0d5c055c095c015c0efc0eb80cd8025c0a5c026c062e062e025a800b810b804dc046e07c563bac99e3fc739c7f8ef3cf71fe39ce3fc7f9e738ff1ce79fe3fc739c7f8ef3cf71fe39ce3fc7f9e738ff1ce79fe3fc739c7fbe18c01dc0710770dc011c7700c71dc0710770dc011c7700c71dc0710770dc011c7700c71dc0710770dc011c7700c71dc0710770dc011c7700c71dc0710770dc011c7700c71dc0710770dc011c7700c71dc0710770dc011c7700c7f9e738ff1ce79fe3ec739c7d8eb3cf71f639ce3ec7d9e738fb1c679fe3ec739cfddffa1efe0fb78adfba03ffe1c6962c39293013963c7b1663cc780363ed979ff27f4726b233d912d68caf8d6c33bb9c3dc4de6473d806a8ad6c3bdbc1fec882ec61f627f6daffeb7f8a39d9da57e9e7b318f51e6660f18c751ced38dcbe0368d3c79ee4b91ca9789dfb84a7c3d6f1f969becfdb2fefb0b5b719e258b456d7a2bc04efdff9f18ea378e522ddd15fa4954dd056adc657c61bdaef6adf79da1c4c62956c3a9bc166b22a568df1d7b206360f3373166b64f3d9022db5007973f1598fd46c94c2f5a2e913a516b22660315bca96b1e5f86a825e124e89bc455a7a195b81af956c155bcdce666bd8daf0e70acdb30639abb5f44a601d3b072b732e5baf29c9e4d9c0ce63e763d536b10bd8853f9bbab053b5b08bd8c558e74bd8a53fa9379f92da82afcbd8efb01fae6057b2abd835d817d7b16da779afd6fcd7b21bd88dd83322ef4a786ed494c8bd9f3dc1f6b23bd95dec6e6d2e6b306b3423725eeab5396cc21cacc108379cd4639abf159db3b50e6317636b098f7425fceb4faab13c3c8fa2e40694a456681d442b6b4f9b892d1803e91323a2d495daf84f784f9e959ff3caf9d876d2cc5ca7a5843addfb53fa2a763d4ee04df814b32ad4cdd0a46ed4f4c9fe1b3acb6ed7d2bf67b7b05bb1163b3525993c3ba077b23fe06cdfc676b1dbf175429fac88ef6477682b1764ad2cc476b33d58c9bbd93dac4df3ff5cde8ff97787fda14ecf3e762fbb0f3be441b61f37cd23f8929e07e07b28ec7d4cf351fa11f628d2a214a59e604fe2867a9a3dc30eb0e7d9e3483da77d3e85d40bec25f6327b8d5ba05e641fe3f3387b41ff018b65c3f0e3ffbd98e76d6c169bf5efbcdd4e377d2a73b0ed1d473a56741c5147b27a3e1501e4ed58a53dec62fcc4bee04449ee62d1baf75902dbd3f1ad3a03dce3f81bfa86f69b3bbe607adc9a4bd49770cba9ccc80ad938369e5d1d3cdf577e3fb3204a496403f9debd8e921253b6f14144200a7323863131ce8bfd569d62b92735b5c87b4f3fc366d53eaa8d67ef29326e46745e74fc9de3cfe51c7fe7705c61ce619ef3f6a1770ed9be7ace5e989377e8e0a1be7d9cfe8454cb3d8da8dacf7b4f633fd5b0b951b51789fafea8c622bf62dcdc8846928b7ca9cff99ecbf13de74333be3e7d2bb8dd63d79010ab188d09066fd7de4abfee99fdf3f272872afdf233bd5d6315cd97df7fc050352fb78ba22648cf5045a4b9fad2b14a75c27183b2ce5b342d4fdf25d59a6031e895b4e4b8ecc119b629d33306f74e37aa4683aa37197b0c18de754c6369d7378cf67447627a9cc914979ee848b71b8fbfa98f3dfab53ef687625de30f57a88641338abaa9d7449b149dc1d0d62539a5d720cfa869d6789bce1c6fb3279a8c71f6981e25338e6f74a48936d21c0e6aebf838c6d9ed1d470d3eccfe60f6aa9875bfad6a68d350c5d2a74f524e4e74efe4e4d4b68e8f76dbf838f097bbad61b668fcedee188d3fda6d16acd8fd5dbaf58d89894e46f1689b557ca06074344a4527a348f4bdf8b18b75ecf7a720c1baf59f644e4eb2e424f7ed6d70f598e40ac405f40156048b4b2ab4e715f19c83be43da3b3ed79e67eb54f6c221397979f6bcbe7d6662197fb48de4138d60d132e412d8bd3c5615aa3bf7da3b9df962f5ba28493c8f63c98474187ca604574a9227dea4b4e7a966477a82a34b8259691fc14d09ee946477bc31cbd9e0eed32d398aafd0f38de6545766ca7cab333e26d51463d4eb8d3126dddc1fae30461b559d31da8025dadae9dfd1ab5b4c6a0fe7b133d41d5d7aa598a3e2d31dd8d23731a61ec3db3f8eb9d850dafbf1f8099ab15425c11f1595fc7d6cadf37bfd5c5674b808bb39bc85636293bf6f8cadd53bbf6f4416366b91b645c5c0bc5d33b58179301a637e6f38ec6287aac746b53cb5f987846edd12b8bde5e10d25c11e814d8d976da9df5891a5b82e3eb07158ba47bdc5935e7ade43eb265f3c77e0b1cffbd65d2dfe77b6e85f2cfa97c5ca45ef5a53bbb7a1630951ee78773c8b4afd2e33d39072c452dbfd8881fa48a7eed9c2c29c1cdba15cd1d9f8ccd4ef1a51cc9272a4d1526be87ea4d110ee73f86869abe439a9df0ecd613f4da21b46b3e1f8dfc4189438a3d9a843dad85ec5e71acd265535416fe53b0df097c4a5da8d341ea3cd1917976235b51f30da52e3ed293663fbad465b8a36b28ea3fa3a8cac809d2946b627cb91dd3db98d77f8a3ba5a72a2b3b3bbe6478b949d75ed579b9d6856d3336bd31b6c0dfa06b951c5363d941b874d19575888c1da0b0bc578ada717977bf2f41d6930fcd31d99e8d0d719e3dd4929ee38a3d27e91cedb03e7384a6ddfaa18e3dc2929ae38636672a32bcb83edd853c77363523c3dd3ea53ba25c9d951571c3b2f2646354419d435c72eecf43ed9d52db6e2f17ce5a92ebd52cdeeaee2ffe9633ed46d988f3ce667b56246f6b168c5b1a7afcd67cf17bf7c9239c82e96de9ae6b37f38685052e1b7eedaa4f06c68ab5e88ed997bf010e6e2556d93c6f906d93f6c444977e1b78de1b2622ab4652f3c692eba77efad7a4f9d04b9f4c62e6a525262a27ad246de667264a4393d8e68759ab55b9f61f973b583e949306167a7569d3fbd4f7abfb17d9dd9191e5b45b4f133479f31fe2b2f193a3e3725de884950a362cd5ff72ac9496d9fd03919cf78d233cbe60ecb9f569a6b337bfaf87b7c9c9aa2bce31dec4b69bf332547fc5fc1511d9f2bc774b96c0c3b8fe665b812b737333f333f365dfcae0d8bedd3c62dfea8c2a1dfa717eb7df5d836f6bbddf17de29578ec274bab7e1e5e4a07671e2ec2d41c3f7858ec9a38713ec42cb5166a752d8d85bea1df376ad5e345fddd8df17a5139d488da382c8ff9446d903ce75d7b1be48b85de409d6983233c93e295e448e862508e0daabf644adeecb1fd6c46bda2e0b498b3cbaa07678f1de0f29555ceac1cd12b7fc69a91bd2617f78dd5f2a38c513d874cceebeecf4ace1a5139ab724416ef3e7ae984ac38679acd6c73d812d213a2d2bde9893d0765f61c9293d12bafb47a987fdee89eb6c414abd99e6c8b4fb59b52d3531d1979e9bea1bdbbf7c82d9925ce5b1af6d750ec2f371ba8dd244c87edb43bd1aab3b5f1d8ddceda68b1950ee7f29cc7be7a1c3313d23945c69e462d071bc797ab8ddd80eba073ab78e4fb55bb20865a63db0f45c57952525d09a6f643f25a503e126badbe99e139b6be73d5d799ecb8199c76a3d1ee14bd2bc13d9781def56495b4c636a5fa6e7702be58a6f805b568b7d6cd94dae8cc366e6dd56ee45cadbb87c2979de8b33b4594dadb88627a512e14be9f73a9f79d379de8f3002e94ecbc43dbeedc939b886ea083c79724bb7426bc44df6ff7d86c3a538c49698c898f31a8266b4cbb4761b1d6d238a7cde4eae2b1262639e395673ddde2c5681053f4b43a1c29f1c7fb6aa7baaae3b0ba0d3f996622beba5f7bcbbb8a0671b3b350bc9f0bc5fbb9d066131f7867178a3775e17dfc7bbc7e723ade13affa9c700890130e01348e09fbcd8295687f74bca7cc5cd8dda98bed25fe913879747e1bd7ed8e1da71f2b5614b7837657d26bfc60f86d5ea8bdc4a365c56451734f63f2e85851774fa356592c3aae8bd36ece7e746fd26e4f4cb2874f8143cdcc0cef78ed440c50b719ed690922ee19b1757acdc567f4c89d73d9ec091bfcc6045732eed3a81dc56b4b8aca07a438f2a70df30cf197754fc1ab1a9b23c6b462dcb4711b5ae72cbdefbc11a5c58ad968116f708bf178e9943306cf59e32f595f3724ae57715fccee4cccee56f569e663f9ec136d767be5f42feabfb0bf1aefc6ecc5bb3165f1f19e2c1ba62c4bcc6e9698f62c9bd5c6c766b5f1eff796f86ef1293e4cea5e94f4e5ebda68dac19f8b69d6d2668d3fda232ae9c47c7b3c594f36ebb6e894fd3afe828eeb7469396f658e4efea42ab62956898dfa246d5cf8c211f7f2cc458b0f87273ff76ddf4c4d881bd8a72d40575dd6938dcbb5363273de6acc1c1d9bfc49238bb5c52a5635362dea9346b425ae9fd9b366d20b7ba64f9ec2f03ce7d1556d3839d47574efafad8551ddda3de578a84b59d3247feda89c18bcbf5545359afb4f5be45fb873f1c0c18bb6d79c796555f60e75d58a213386765514a5bb67ccca69bd1da90e636c4a9c25de1a634e498e1fbaba6df5d27de796962cb9ae3c7efd15bdc7d60d1067766bc7516527663f8f6dd4dee04dfd78a6351c9b5ac31b14fca53673d670f06a6de347fcffc5de97c03755658dbf977d5f9a364dbabed29db66992ae2c42429b36856ea4a58020344dd2369026214929206aada0a03802c3a2cc8ca28ea38ca380b88d6b1daaa288bba8a38e388ecb281d65e61351a1fdcebdef254dcb32e8ef9bff6f66fe7987be77ef7d673fe79e7b5f1e4de308930af6a126259c50a0882428bad92661c1ec1c79025597801217ea2dda720d81bfb0d370c6ee2fc08822cf18a686468daaccb8f2f2a31634c62b09f8c180c7ba9bc5130a0489a959095a7dd9d44c411cbdb3e4c5a524aa5315fc6cf3d429a9d28cac5409874db23bd4694aa1502888d7d5579cd927100b381c38b1d709c44258cec4826bcaab73e56c8148249425834fe68e0eb35e069fd4910a9c8f92e23933e734cdb96acede395c33e30233e3233333a9cde8cdaa8ae92b98ab185dc9f74de959c62ca32419e56d322a17c9a85c242bc4e804b4c98f9127f1c65e041d42628271097aa99b03fc664af64a5812dd0715a22f95cdca76a55fc9ae505628d5d3df332773f367ab3fe736a03d23786f58896ae8658a610578fc32a812ccf69f5e27e98ffb70be6657e83ef028455f7a08a5424929d9329a63fef4f73c982757fdb9878b5316af97982dcadda8e8702e7add7cb964c940a37ebe45af1671605f292e98d95639b9da989c6b6a9e37d7949b6fbbdc96659d9a9fc067b3d9b0db174e2aaf2b9e6cca4fc833d9e6b598724999c5035992a88dcf4a572529f8c954725c6679764e695efaa482196dd3cbec758592b8048544ae56a09da95aab5665ea5372cbf2a84993a7b7127434b93d5c1fb195f8078ae6d34425f93ee1221683cfcd849f3cf66056beeaf2f550484c53e55a798fd96556c9e52ab38bd37035d170b9357db8b7a672f1b29a395fda9a6ded36bf8dadb3e96cf34b5ec859367bfee7350debe5c35aeb4628b8fb85381268459b59120986124f01b4cd1d82225c0c47dc14f43c6654fce9cd8f141fe125cf547ab9b5377dd8430bb2cd81c8d81436ca0691c1b29695bce0016935f33ff7803cad7cd8a3b50a91c8073c423a4e68719c5932162a2cb58029f93c66b3ccac942565a591f8b026c62be182f15527e6e444ea53025db57868dba90e57316e0f0baa7f7a5eb1bad6694abb5c1ec71548056bb4ba59f97955faa4cc54011b6d8d2695cd8e0ef28553a4a879f90c6d419c3a51bff89a56dbdad6c99f0aa4424e9cfcb372ab3a3b259ecf13f0388b946aa5582c17f2b2e7041b59322a0bf64ffcd9d3e75724a7186af24db353a8b47364c7d40be7d654bb2587c7d3587366f9e6ea746d57cf5bc25726a9b2a811d1654b85222157a681ecca18fd8ad5c3b98f984a6cc4f5339f5066163135a188a915454cad28623602454c5d2d42655492282d1aceb4a64a8713ad0694467c3a8d8ea0c259c2acf44786f06320b01ef6006ea229513aec49b4f20d3809f84c1224298ecc641e063967c5fc425163f5081454be2eb1c6694abd928ed915f0c8849678c1670209f676456d62564abc802be47216a54e52c8c6fbfa281fb038420934cee923ce6b9c7760d2fd06f9e88162b30cfd6fed82c60568d6a54b6749530088b28256a2d16ab64e9b4659f556967581ac60b8cc1a874ccc6e581ce51a9863c6a1cba614cf846935545c820b1c3da73e3216233f6969368455616589d9d6b205b2b282614f99353b0e6f8cb21bf88bc7390ee68f5181d667c4739c0333a2bc9470aea914766b466485529ecbc39cd704cab47c342b66a68d98a37c094bb93c2defdcae279f16400b9635c1a73808b2cfca6b21e51320e551103214321113843177c729e39552a9f47cd121c9f0672923a3e788d442d8eebecd7e04f662edcc0e7ef46b935a2225eb7314e85c0c38a5c26a214b98ad7c94641dd05ae5b970ddcf9d13d9ca5f76e43283bea020f9816c2d42817dbc55ce4548b08f9ff323f7f190996ff30432c199a309c91c814c44de38729542c5114a852c8e58093b4d181be9257f0305815783b6ee291993646ab556c15a96918d1e4c7832b59292691293146776f015c9b0dbb4b29e65ade129892ca28c7e4a7940a82d7b9c5c00dbf52272a349a14cefd10ad979fbd42b8cbf9084d84166f73d05efbedffcc8883f9e50612475de3e8f7a85c4f80b0f466476da53f04e9b643eddbca88d7679056b8d3643a996f38aedd3672d9a92449997ce34d8f2f8f2a4f8f824056f435e6d5e5669ba5c9266ccc9aad3b1fe22917278429eb9d850dce49e5e136c2ac8c921755c0187cde608b8232d3a1d555a95995553965150869e5f6ac1662f3799c82674c45afcdca8e3a05fae4b562a93e1096bbe299148566d93c984ba2d14dac66af2b7522b84db35a1f0a7512b221f04c395f9482a5da6dae6011a8e6e8b87e090c96ca0a3f2b77aa8151ae1760fd0863f9e42eb51f803e0717b5e75029e663967ed7859de24d5c896b8fc59869c99c60c9148209b5460a8a0b66fcf9dbdbcba0666d0751c4b756669968ac52192b4b9974c568be51255528a56261172b76eaf59d13839af6649b9b2664e625e691ada03785887c9d7c00345440db2ffc0a424428e0c9724898672574c9227a4f9138263fbd513437138ced25cd19067ecfe45ec52cb9159f41e9543be066b215720962728e52954a69aaba0c3a9cdcc4cd44ccec954c932d47cf0f7eb4a8d8ccfe571c59abcd4917b20b01c145d964602476d7a5ea28023e0c912c18a59ac67c961b06226b1819e9d53c8d687a842aa50a27d949c674a252493b71c337c6d6019cab76aa770b35788b60c2a5f55b294eaaddc50f4e727978dff00c5946d98bcc54319f440995dbed5836995a22d788308b9aae4aab77ab8a1b18718fc31ca65e7de0f96c37621dce58c6d2f6067011e19ce9ab9b08c9aa64b8787702e9f234acd2bcf2e9a317946ddcc7c6aca5c635a496e92980b77b83c755671bab1a060e6ec9993d97d05b38a3462b95c9298205549b88a38f9a4dc948cc4c43c5359eef402b5502215c11da5842b5548f393d23235eaec1928ea99e0afbddcdb0923d186a34e64a6e7a2a82b547271ba2f77a756bc53e52bb8854fe7f911b44b3b3274e2d9b786904f12d27daadc9d1eadcaa412eff4a87cfc825b3cfc5064a12da067399dc0f482503e7e99558fad01e5f8ddc55e9e489d96216f6f6d148bc592061e33bb6f809ef8066a72520e8fc3e3b2d80ab5460c5b9ac54bc81c4d6a8ae60a2e147b0e9caed0a4a46a46fe6630ca39e2389c0daf91ffc39511b9443353abc9771e4e8b0720263d4abe6b120b3394b7687df2cc5ddc00047f10fe8dfba0c524cbd02a6ff100063773970770c0b441f8178e6aa436ab3223b519723b9ec7c7af66c8ff61f384fc91ebe5f12c9e883ffcb15886b2965caa508ae45f7c873f2814c8e3a57c7582462497c3b34e7d52b20cfa71895a554afcc8835c693cd42652347a927c9fbb844820f2896c64c743dcece406450d4cc60f5e062d1fe6669b701f265fd2072f474dbd32760ee36cd5c4b7444ff2d15b9a9438be92142464a62467260864426d5e7a7abe4628d4e4a7a7e7698564af40829e032502f6639238099727514a7e989251902c16271764641469c5626d11aa9ec3a3c3e45ece52ac6125fd7641cd72121491c09af2b0583119f47513a0ac6228fc6ee16134684a461f3a26a1f128a573d9a5e7537a3b5f9e9ca04e56f048254f9595923c49c5170ad559a92939894261624e4a6a965a4896a1d722f0a0c4678d4a14222e170adf692a355723166b725353f3b42291360f74be81ddc9dac5ed8df66a724eada216bc7ac488bd9a6cc27de4d523c6715e65f4e14f185127b0aee12912e3e234725ea2283e235193112f2447ae1b37a6cf615f1b762bf94ab83562183fa650108482e8242ee52ce234127c424e2412e990c7c54405d4b65aa289984f2c25ba081fd1475c45d6e367706f73b7a7d553b96aedf4b579fe5061886a77663905d67a493d61aae6542bf4a5f1a59eb521677d75696975bd33b4d6c34f59b05893323bb0b271e5ac3557d65c695ce62df7265dba246d499cad4dddc69a3a833743345927d3adbcd2bba46d864e37a36d89f7ca95fc9cce8e493944f191e2234afa81ad18ef2e8f182f7c221145dc8fa14073b0f2a7e967ca2134c5493f56451ce6cc4965a525c65ce6aa62ae89cc357c9f3fa13ff13af13e5f3dbe9f3d817f581efb4d7d69a97e1b3a7d5b62283164a1d64885118efb4a0c8612960d9dcf24a101d63511dc33f7eb4b8dc62cd2505a6a209f47374716a3f3b7087b1b6ab177c0490fbd91b74b4a0c1f4287dc098d36c4ed7238914f1a8bcbce58a1b55daf2f65510cd2081f1a9f23b2774bf5a53a688c8e123f63bdc2fe90fb398b2718442fdfc37d621abd2bde5fa445bf0c96a917a10b9159f6286bfd43ba44313b2d0fb5d282ca203718fd826bd8a81846d1fe3d51762ecce8775b9149873e96a10b46a6eaac575baa1255f8652bfb43be429ba04a96f1ff4a0ae56ab9422d1392ef93245fa18151393f4d5593486915bc17d86ff0e312b471b3452a8990f5312cbe70f0b92cd39927d868d5e1f038d03e18193f9a94002c9467fece92c625c9795c89523aee1baa25c813c9f8b470a11ebc34fa18ff26969eff0dfa6ee3fd50828a4bf406764642460d6be599ebf9df7462aaa7ff3d80bcfa3f025ea38135e3ff189ebb7860b73070720c38969f04fb7f1a70db69e0a5ff17c31e1af89bc740f0340dc2b9170251ceff09ec3c1bc44af1d6f3c237921b25a7c740ba340631f80f857dd12013fd1bc1e218c4e0bf1be47b7e32ec8f410c62108318c4200617038af218c420063188410c621083ff32a88e410c62108318c420063188410c62108318c420063188410c62108318c4200631f82f80793188c1ffbf807fafac883509ce6cd46429f0081bffe69e0cf7509b45c838fb98369bc8e23cc5b43951385c42c3f933d3e6458df389959cef99b68098ccbd92690b098a3fc0b445acdd117c31d1c6bf83694b88c9fc534c5b2ae309c27aca88d980c3fc461d2950e7316d92e027ea99368be06bfa99369bd068ae63da9c281c2e21d1dcc6b47951e37c629ae65ea62d2012d4c54c5b4828349f326d11d91cc11713059a934c5b4224683398b694cfd696336d19910d386c82e40841b938ae9f69d37ea6dbb49fe936ed67bacd89c2a1fd4cb77951e3b49fe936ed67ba4dfb996ed37ea6dbb49fe936ed67ba2d9569a8294c9bf6f31e82228c849e301095d06ac0df341e207c44107e3a89108c55e16f68a7bfa7dd0e236e6879091ddc31131e008ab0c15817d10df782b8e782ab0bb057c2d9099852c20aad0e1871117d80d104dc5cc0a395588d5b14510f9c5703df5e2cd103ad2eac09053f3efc1de781880c2aa2b39e2881564ea457411462f976e0e0075c0ae4da410ee2e1209633b8b3a1d70da3e86e2fe8178cd8d38abf693d8835389f3e9dd80f14310bfa1d70078ddab117c6db48f3f1319652584a2fdc75607bc3deed03da001ee9052c27f61a05e3dd78ac81a8039d9077dc98ce8bfd3a0dd3bb30868be80199c8cb4e7ca6188dc2b8141e0fe298ba419770f4c6ec40f743a0851b2883e0852a6c8d1b5be28ed861879f1ea0a035a4edb1631914136b3770445ced808778ad865e1fb442380ee83bfc3ba0edc13a05b02f90bde86f0474319ea2b986b04db44c2fb6c88135f56229411ca73a1c954e18b1e3efa80f601b297ca563e1c636d1be08e2ac0802573b93af28627e663c2ca507f878b07ffc8c965e18e9c152699e41eca9310d90443fb625fc370c68dfd2ba7b70d6a04ce86632176985beaf1ffd1d8410ee7971acc3794dfb8c9642c7d1cbd8e5c3beedc098631a475b84bcb60ad3d1562f87be0ecfdde868e6626e3d98c36aec875e669646fb3b9c7d5e269391fd745c02381bc239eac2b14699eb8f5843ebd8c5e004a1b786e11e022be808ad8c44c98e7304cd809e7176852b8f0334b163f90e46be0e57972e1c2b74e7ec7a35f52cabdb98cc09677e39703142e5387fa687b04c27ce4424657924066333f3ec3ad9c5e4b53f828d32978eb817f05d3877fedfd45b51ace2fec754dc7ad0c441e4e15996cfdca7885a9c153eac590800d5aba944318013fb1651f69c953d3a26e78aa1bd1ae75017ce22149bd5308afe520bede330579aa707eb8034e8c4dad2758ee675ae1c0de23cf763db692f84e9505417621974a5598d3d4d7b26148976183b5c171c4ced46b3bc10fb00e1f999ac88aed37eec572f531f682e2ea66f676ab20b571437b690d6ae03eb118ef2c48885180a3a7f02678d74466c28bca84a40af0a4eecd310b3fad0f393965b189133d102ba8af6317ff1a5fb3c3eeb632c75e399e6c1738a9ef967fb1ed1d02b4b1ee0e78fcbe07373a775f8a9be8d9e1ff4ea4e31eb730847ce316e9d9c68c1d8aa3851af695139802ca16da1770be15a1988ec3c9c78edf5e23a623fafa574eed9c765155d0f7ccc99b68a6ef7e2f942d727275ec7dc4c6da1f9204c0faefee7cf51ba8a7b99c88c710fcf1077d4aea21bd73b37e36754d5a5b85eba181bc23b8cb097c76775218e8c1db79d44787f35b1ce4d9c097913ea820bd7e93ebca370e3e8a3a8da610c79a80b30c2f78a199e4b27d4ce7c66f68e558bb1dd40589b1fb33a5de46a40a54ce0511fe641a546b219fd45253a4ee1aca177271e661519cbee0bad70e1ac3cff2a8722d71c9939c1a8bd081d6f3a0b5c8c2cba627b99b817629b03ccea13de57d0fba22e26cee13ca6f3cacfec7768093ebcefb6633bc3996227c656f989f5ec5f108b8887ecd876e4373753eb9dcc5c75307b6d2fd6357acd74e3dd7810e726a3e3f9630bed96f1eb3c443b3fca47cea82784e8f970d1fc88b1a79a30f6b9ab5be184ea16f6fd446a0f7e2a704fb03bacd7d81e6c6cd68cad44e1181612e1a733f41416eebba232c48f9fbf3c38dfbaa356585aeb0eac8b8b59a97a23b18cae25740c8b998807f12cf1447408cfebf1b974f15e8d5ee1692ba3579af1393de6893eecc79e9f18c7f06ad08b9f2e69cfb8a23470e2339239e6976580e1885a3b4217a8c774e577620bc22bded471559cde8dadc4ed73edbabd788d08af32d1cf67e175e25c35653c5510d70a3a561d8cdde75e73ede7896820627d1067a91773a767d1d94fbe3f3503c2eb9b95b0e0bb4d440df4e6c36a69c3237530464115b5c19d36e855c368358ce402460b733f17476a3e5e87ac80370faf71340f1b9c1ba1bf10d7b81a82c27dd49b03f88dc00bd15a8805588605b8b5604c1be6dd00a3f570b5307888a20a46e6411fb56b7115a4e5350215fd0c51c7ac89b4a6ad304e452c1caf551d9618d6ac017a36e06f65ee9a81771de687f447f26b70bb31a2670da3a919fb0871463cab40a37adc43a3f3e0da0c782d58be19db4c6bdb886da881fbb42d16ac0192ac636ca5f1907fda983b284648bf7a8031abccd80756accd98ffaae0da0c9a23feb570b715af104d40598d2d6dc1deb3303e43d6d6e3de985574a4aab035c8abc807d5d06e809fda88ef6cf84ceb628be236de77f3f1fd312cda3e3373aec29e6bc23d3a1a55b8d78a6385ee1632b1b4613b264a9d8f33d182b1ccd8e2964886d4e0eca5b50f67272da3294a135a1e8a6db42ee1aca62e3047682ee1fbf398489fed17e47533f609d2ab2522f97c9c616eeea18c7a4325d5e076047c415f6788aaf205fcbe803de4f6797594d9e3a16ceeaeee5090b2b982aec04a975327b5ba3a02ae3eaac9eff2b6aef6bba87afb6a5f6f88f2f8badc0ecae1f3af0e200a0a71d6975039e8525148d9ec1e7f3765b57b1d3ec772189dedebf652d65e6710c969ed7607294f349f4e5f809ae5eef0b81d760fc548041c1f08a582bede80c3452175fbec0117d5eb75ba0254a8db4535d4b552f56e87cb1b744da3822e17e5eae970399d2e27e5a14729a72be808b8fdc83c2cc3e90ad9dd9ea0aecaee717704dc48869deaf101439063f706814bc0dd4975da7bdc9ed5549f3bd44d057b3b421e1715f0815cb7b70b9402d490ab0728bd4e7040c0eb0a0475545d88ea74d943bd0157900ab8c00a77086438828554b0c70e7e75d8fdd046243dbd9e90db0f2cbdbd3dae0060065d21cc2048f9033e8806d216b87b3cbe3eaa1b9c4bb97bfc764788727ba910f23568062460a31764f93aa90e7717664c0b0ab9568580d8bddca5a318337383548fddbb9a72f4424869bd91fbbce0e4801d6c09b883c8a32e7b0fd5eb47628063178c04dd6b003de40383562293ec1404a087968592c7d16d0f8062ae80cee6eaeaf5d80391bc9a1a163d15e543591bb80885a05c672c19e7fa50c0ee74f5d803cb911d38a491ccec028ffbd1b0c307e67bddaea0aebed791670fe64314a9da80cf17ea0e85fcc1a9c5c54e9f23a8eb0953ea80a038b4daefeb0ad8fdddab8bed1d90670815303dbd0e7bb0d3e7058703d698b060afdfef7143e2a07b3a6aa1af173cb69aea85140aa16445c3c8110e086dc8554839dd413f24301d507fc00d771d80e282ab1dc2e80af4b8432160d7b11a5b154e477015e48d2f106e7422098567db0e79e0ec75840a513aae04da4244131600f1e9eb763bbaa334eb03a16eafc3d30bb93fa6bdcf0b9992e7cea7a745143a70b890b6f42c825c87b8074301b7834ec8b0009c87615ed3b007f2dc2005e6042a250134739cbe3eafc767778ef79e9d761564169803e1438dde901faa80d385cc4438dd2e8f7fbc47a12e41eed2e828206e3c4fbadd1dee10aa4fd25650b9d387660b5299717521d5610f82ae3e6fa452848390c7e482cbabeb732f77fb5d4eb75de70b7415a35e31602e656a4a3e8417a7059e0388cdb98be0b98ad7eb0c463dc27803b979990f6c42ae81b9e481c286dd3dbe4c22578e2b945269330a4e104f1eb01b5ce0022a486cf08cb390ea0c40d1435304266217d88c7c0cbe82880239e5eb8062e7454eb1e3421dceb38bb70229640f067d0eb71de507cc332859de909daea76e0f78260f711c672dd5c254ea37f2b1464e5c0de9389c130fd759341c956e854cba21edc3b73d6ec8535a36e215a0572a90802711b2b010d5727727babab043fcbd6050b01b4f5860ddd18b266f100d325902161683e141172ad13ebf9baea8e755959ef020929e348ca7b1127dddbe9e0bd888a6416fc00bcab83003a70f6a28d66599cb110a27d8581e43f23bdd78e24da5531ccad84a57d482ebf585d094a18bb99b99c674a630b782dd683de8708d9bb9f6284303487c3004c9e4861045569e0b3900cd37ab856a69aa699d6fb659a8ba16aad9d6d456576da9a672cd2dd0cf2da4e6d7b55a9be6b55280613337b62ea49a6a2873e3426a4e5d6375216559d06cb3b4b4504d36aaaea1b9bece0263758d55f5f3aaeb1a6ba95940d7d804eb7a1dcc4460dada4421810cab3a4b0b62d660b15559a16b9e55575fd7bab090aaa96b6d443c6b80a9996a36db5aebaae6d59b6d54f33c5b73538b05c45703dbc6bac61a1b48b134581a5b61c96d8431cad2061daac56aaeafc7a2ccf3407b1bd6afaaa979a1adaed6da4a599beaab2d3038cb029a9967d55b6851605455bdb9aea190aa3637986b2d98aa09b8d8301aa3dd7cab050f813c33fcab6aad6b6a4466543535b6daa05b0856da5a23a4f3eb5a2c8594d956d7821c52636b02f6c89d40d18499005da385e6825c4d8d8b08a0a0febc16cb982ed516733df06a41c4d1c83a69ecb540ecb5c08ff06decb5c0bfeeb58008ffc45e0dfc67be1aa0a3177b3d107b3d107b3d107b3d30b19ac75e118c7f4510f64eec3541ec3541ec35c1bfdd6b02989bf4ef1a10c4a886b89638d7c162fe473e41e6c1753afe9ffd173aaad93b2512127048e7c5e24ba5187ff7c5e2cbe518fffd8bc55728103e4b73b1f84a25c66fbd587c950af0e14aa0df50e0607c0e817e43a11a88930829994624919b886c7233a1277711d3c897885af66cc206144b01af6b02edf228da04a0cd045a1dd04e01da6aa09d0bb48b816219e00526d07e10459b08b439406b04da19403b1b681700ad13288280b7763c2db9308a560bb4f9405b06b466a06d00da4540db05147d80d73f81f6dd28da64a02d04da29405b03b42d40db01b43ea0e807bc8de369591d51b4a9405b0cb49700ed1ca05d08b46ea0ed038a8d80f773948f020129101d3c78171cb7dc22e09202be40b06a031cab785c92c7f76f38d5dfbf8ac726799c63fde8e071481ecfdf3fa8571ce373083ec7f4b5090e3dc2e01ea34ca6fe6302921470306e3fd1cf669302eeeeddbb054252207ea6ff99fe3b00b6016c0010724921880bcb439cdb377fdddfef474deebec109f2041c42c0319d2d5048924246202d5188240a45a4503208c7eda6db4d5b316c0210f1489180c3e18436ad5bb76e5388cf23f98255ebd69deeef5fcbe7907c466a3f6a83d8fe7685e298904308b98c5c931edff95a81247f2d2259226e44723f87438a789be11089499174b07db01df4d8bd85da425d0fb00e40cc23d1df99ffe7e2b9249fbf0a3c21107c7d7ef16292250e8b67e48bb17cb19414cb0735839add79bbf3365b375b9183d70bd60b0604123e2911b2e0985a330047cd54018f14082aab910ad595020e29e0313af4e36cf06f001f0836f8455cb0cd643a85b53055e27ba7040a8a32f59f92902c09af7fbc22123e52442223258a6329c752be9efe6ae13b9e773c87ea5f7a6968d3f39b0e4a0e4aa402522a62c331adeb203abaa60905a45038bdf3b9e74606073ba6e3f478e7d8207d0879a450b06a68f0d8aa14c9a655622e98dade7eaa9d3e2af1ddd3128d46dfde3e785aca624979839183181ce4f248a9e02574d095265c87501d66393dde2ea6ad0bd2ed36d43607ec1d859439d0e32da4aa56073c8554adcbb71c9f03700eb8a08d3ef52fa4eaed21ef8fc3c63a90580ff849bd0daef1b44aa93bf503a93fe709275f6bbdf65b29c967ed1e485d0743fd2c923488f5421eb740c666257109bd9d272ae0911c72a082457276b7e8e7ea0ba34652ee48eb4f81a28ba009ef4f7df889113dcfcc40a0cf8862c689bf937dc5bd6fb53ed8f643fad33ba6edbddb31b72deb8add039a79fa01ce41fd00fbdedd6c16c962a94a40c5e756f59793bd49ee0056f839bd34a22dc905bdfab09aec791c9e8a35afc5a0d22b5147a012cdb707bbdddeae90cf6b50e8656890afe2db5cce1e9fd76948d3a7a011912ae19cafda0d19fa74749fadd28cdd6f75f7b88a5a42f61e3fd55c65d6a7254a0de5fa29fa0a4345596559c9a5d0ad8ceaeaaf3ef02fd14caa17a3fb6215a7a1a9d966c8d567d3dd346f95db8f5ec155b758284b4be3d49a326365514945454551a5b9a2dc90adcfa42d4a39a7452df48b4cfd003929dac32497600f907202c645ac01582def136726dff3e286bcf8f28f0f765fc65b97d76bbe2eee9e5fee2965b5df7e5fcdc322e9efee7a435a63f97cefad29ff082e19f59d7ef8e6a2ed279333379c9c7be0b35fcc6f3bd370f88eb2df7f623fdc15cf4aac3eb531a1767791e82662efe1eb06673b5fa87ceaa34d055f1cbcb6e4e182c1a47ddfe5eee2e9fd951f3ea11aea7f6576fbcd2b3efee8a0ef91cd536bffac10df1bd8b0f8caac2ad9d1dfde9d51bae18fbfebdbfcc947f2b53f4fbc36f346ed1bcfaf78eeae93fb9a0b6fbbf4a54bf791cf6f1b18227f4860b98e7b9f4a248aaee36eb97ec98d159b84b73dd579ccdbf3d6b1ddb3dffbd3b65bd75cf1aeba73909c5cdc94fbfda59f9c3a91faa58c7372b9252dfe8a41e78ef75efdfd68cdcbcb9e0ea6b3d8308fee1c2085e011ae3e155c9a2ae3a839f16f3e7dd2b86f8341fea976db89194f1bbe5fc4920b710ea56672347a757f7c66e9a9776d357ed1b0e987953f1c28d877b0ec805cdf8a10d2390dfa39fabaddb5bb2dd75631ef3e1d01cf8417e6fee56e345accbc7a0e1647c288a288830859a90314fd029e00262697cb27494ebd7eb6de1aeeeb59d74e6704f4f5f59d4b802b7001ce21bd0ae99bcd91e84561966cc18409c9465972f322e2fdafeeb4def097e6295ddbb2067d373d65fa70ca6f0a1b3616deb3708651b4eca5d38b133937eb9b5e1f95dcb1fe4fd97fe04c157cdbf817f2c09fbc55aec66397e82cfefcded79bdc4dea55075ebe7cc657dadf35ecbfbfd768cbe2eedcfc8ef58f9f57ffb0d9ae5eb8e4c8fe8279db6fb32d7e66509fcbffdbd1fadcd5070e7e3bbb4caa6db8d3f0ecfb6f244dba3157586aaa78f9566bcaf5bdd757fdea9dfcd607efa9f0c4df7a6895e711ed6faf5b756785f32972ebf10f4c572d552a5ab7712ffde35507f2e6c4dd5a3a7043715e7b85e24457d29b03c1f73e34fef061c99d1f9bca329ea85864ecf61d7ea7e073d2eed8b273c3a75f7cbd8fb5f7bb6f179ffef0ea83a5573e38f783e4f4e3b6e3dfeb07782494b1bf4695b1a1bf6e3cb5e6eae6bf8ee2323614ed353194b12bff25c5224f9f434ffaf4e8fb4e17d5e2eec22f9e21b0e87f1c197035abd0571a0c463d40295dcdc6bafad0bf443fe63efb3cf7ff6935da70fda35907f937edea5f9d703aa7fd746043e1f7ff73e7ce0d3b6a1eb9f3f0d28dc5534b74695b567dbf764ffa00f9d09ac3494fb05facf9f2d95bbefd8193faf7f5a2d149dedbffde75c9b3b99a4ff2d2bfe16c333b8e7ffc58c2a661d5aeb23f55fa5b7dd38edf6711eaeb9e79ea26fd2d92c32b5ff836b85dddf7da0d8f6f7b5eb09e1a4ebba7ecc48a3f1c0b1173ae7ffdfd2d5f1e5d3572e3f7f7b56fb8e4c9dfa7dfdfb1f3e967d7eddf7cffd1bd056fb4fe50f6c7232bb67e9a367a7cc5f2c3570956868e29e65adf3c411cb2d6dfc92ffb64a1f4ccda5f1efaf4d28fd77f7374973cfd67bff9cbbac4678ebe785b2af9fc19ebddaaad253b33acc6537fc8ba8378e0a99617aff1e62fbafaab4a6fff3f1e3fae127f19ae46fde091b574b9c946e526b232d70bc8c84c654795abc3473bd6bdd23ee58bd1ae3f2c7efdd0e3f73e725075b3de866e2b39508b7e5dabb74c5c694af546d4e5aa0a8c257abdc158e0a8d4977694b9ec45a5533a4a8b4a8d2595459525e5c622676599a1d36e349695763ac69540abd7f94933f78d81df2656544c7aa8e79e177b59dbcf5f02cf59a17cfe20ae82902e90c790c590c0287f97a25391bea2485f894ba03daa04ced3c36e25aa045afea9807015bc8088905e82148707c8510e4b4f4c98ceec011649f0d4e9efcdff43f3a1cca63be6ae7a7bf8d499234fbe3578e2bbe4b6e19643ee5aee5b43878ffff9f42d8bb62f5556e60d722daa63bb566f78a2f3def71eff92352ff3914b3257997bee3f7582b874db2dd7a7bc24dcfeeaae946afd9ebbd4cf3f56bbe89b82d21b6ebb6941c5c1c694bd935e541c796740b1a7ecebfb271dba29eb3757dff0616eca5f3a5337ced08dce67373ce3bd66b7f1cb070f1437b75dc6db9fb0e950aae391a0e4e3a36b72e4937758ee365e3363c78cf9757d991b47f62b9ebffe1341c2dc670b2e352c9ab26cc73dbfdeb07c479eefc4d0fd5f3c69497ca9a3f1ea875a936a7f76f35d3d83dedce74ee5a61f1aa6f688f79f7859bc6bdb9f97fdca7dcdede56ff75023ebdf1a3df8e8ce72e1c825f1cfdc1cbf67f0da97be1a78e6de7959559a87aceb575dfbea77afff6aa6f6ddf88d9fdd785b77d686ee697b9eef6fccf94c9051ef38f3cb9f2734943cd4d6def4f6ecdf57fe6c54f7c1fea5bfae5afec2aa57f63fbefca66b3cd7057efbc55d3fdcf641d2d129a79d2ff4cc107cb2f69afdf73d71e76397bfb2a3edd76b161c8eabed783de3abd3d3870ce26f8b6738efaaf0b537cf7ca47a73d36ef10d4f5db9e0e4f35dd7d9dfbbf5e6a1439b0efb6a3f1ad46d1bde7f729fbee7f8b2ba7bfeba63e5a127054323d3beb93f58c17ba0ed15ed9b8f7fb3edc5eb52fedebf8c6c7a38f9eae08137164d9a397581e6c30d7feb1aaabbbbf8fdec1b2e59f2eaf1d2ea2da94f6c91ac1c98f1d5d03b45b773583fb37ef7d507ac57d877c022c08745e02b7a1110d9d5dda5b8f6a74cdcc22ec5e55424dc9ab3f1e77f2f74925a351bb2d1a0d5278e1b14469215d2b080ae9b596375d3e6f341f184d47577ba1dff5bcc99c743b5be01dc8c2dc63ec8b5ef86186746444296ecfbbe4bf6bd34965162866c21b93424cb582b3b1565279154481217d9b22f179542fd6674affc6efd7eb7fbc7fd34ff9ccf73decffb9e73de799ee7fb3ceffb9ce38872e1550e40b9fbf97ba0d044e70e1c010e035208a4b414204770ee48c4ae280510c59f1743ff9d7fcfc67b578e0d6b268b9df782ff32de3031d99e6e246058fa74844d5f907eb9b7a857b71405f0322e50be304d65d14ae150492e4bb305848748bc66cf352cc652d2bfa7234b5b8dede6792c25189db9b6e1c629be7d6e26866b7e463f0fdf2260d295f0f1c433aa1efbf29e0a15b2dc0f85debfbabd84fda66e5211d5330d53878b9444199819d34c918a6f79262501bed1eb5640e6c70b03b8ea593edc85cd3ee8fa811a131fe3db2792b23549b4355c1945445d6fe0a69e5360b4733f4416316a305361b32397cc823f81ae71191eb848c200a82fd58c0aa8d73d9030cd2ee70e56460475678cc947fc8a7704dfe1a2addc7e9f51057acaaf63faf903795b2b2fe44fff5e4c989122807ecfe39003a484c33e7ffedde892e8beb9e8c9c808fa1705305050fdc1041610f10c098049fbe29b31490026219c99ae047bf2b8b9086e5a08ba2d364e6d926a35958f77ca77fcd7d513cb802e65c56be71494ea9eb5dca084c25d00c32f50d002081cca51cd518e52faf1b878af9958814a74e5bb4030dd07044d401d50db0704d97f1213139f43f5cba83f180f13e69a0117d7664baa26333277bb3468f829da480f5409479db1f1a181163f6d3c77b916decf941bef73aad602fc589f176a983e12727cc2a2aedcf21ae7381728aaa42e78ed52cfa23c6879a2f13235796782e6c4aa09cb884171f2d44c82e78bf09637296b14921749e7ae8809f29fde7ab73d159c0ea77d4f3971ba9e4d3f33d18bda3fb5162f77dd4da2dd886efe94ad126bda255ea5094a76e4876e84762042e1903fa473feb4c2e78bd4d0b1566ac7c4d597b50717f42f85b54b1fb2cf6b5aa80f85a89ceb37f1e75b06baea825d6c6d4007a999e9fa8698d3de1ebbe76a592d2139f3e16254b791f96ce6e914ef1239ddfe77e8a65b6c21a744577233440f5304b19f7aa4c0edc3835d857488d73d53ad9efeb0187a6732ff064aba56bffd8c00937020e49871fc196b7555e6faeaea0a3db7ce6c95cfe168bef02c16c0755685c99ebd338b9faf4775eed05cdd8666b778ff20325c57584c53d0c17ade7ca570343db3eba85f03460445c1b81cc8d794816d1131bd5be9a9108b0f74bced8b871636ddd25865f2db89437a577d1a33ea8c1778e4da90c915cde40c569028b7ba5c3bc5377da7a2cbe976b02979bf32dcb024a5a220b8b83ae76a00fbabe4686800bf24f2c601df1c9b78a1a69c95c82ebe81056e8347d796b55ebf07b9f8c542423b3d3adff8ce17e19e22443fd3b5dbd80eea71e0073f4a6629c1cd58bd1e41f376002c650880253ff5270ae892fa765140fad7340013f3afb86224007c3148d11f31c8af190182800d5924202df7051a32bb2202208a3f3d63c182bf650798c80e30811d049b2b5efde8cfc0092f1df4bd8565d03b7c7fedae255fb60a8798d79cb5e1ad5a0a597632adfb616d34dc2347bc1e320d4256655bd3292a3ae55e8098112acf6369d1ced117524e0a7a9767695d9f73b7ef1bcb30a9a2166f2b7f75f350590855f9cbab565d27d9c9e75c036791c6c24c9233c5070c9f55abd5d80d3e80930614bbaf3ff6593f6a8b67dd50bfff5ad6b9c4d7593ab830c7895ee2f9f15f37274729695fd8a20bb44467681b73a0418d290a2b5b9387ac1978f4cc61b921feaf998ed668d90f2e2da95e897875aeea5c14c72bc5ca78bbd9588348f635bca4d55492bc449994657b8de227e4f36a5285caaaf264d90b7d99e1e26ff5cdaff0490bb5c9f93a8799dcbf4e5ffa8b40e4e38dfba45109ef1d567b8c9be253a2eb9bf950420e6cb0bbdd223059a134396d9967e72b93cb38058a6eba2e3af2788ec3b4321d622684ec9ef3e9281a3fb863a12448bada1b6223f94260f2b41dbd917a50f526c9787d0918eb30dccc52ddc0d16fa6332387a79f13d0aa67ab553b7f62aaa5cd3fe4b5ff8ce058937a7afb4a2ba7c57044c2a29e1650549c38b668935dbe3d52e13ad182c39c5b1a58d299d1122d82c20a8b42ddc2dfc49d0a76a8928c7c6971ddb6290806fb7dc9a70d7659fcf2f123062de317d5621f50e9b6f717a84aa252dffb6e06f35a8a43ed4ea65e5334908a1caa8839389aa5bf71b5a25e3dc73badeff5404cfc1e3b9708ec9cfb0efebec2f3bb79c92f7b1d98c16434dcd42426bb1befaa24caffcdd56fa0bc3fe3f197380a4624a9de6326d71f9f2fea40f40ac41e06acbfc08db8846a90a397a313a5f58f167d08764bb05a82b1ee25250e80940312b98b39fb7d9833060c01fd7d9853f931ccfd9ff15100269b78f3bc64181c8049013057f626094e0a602200a53f2f0706b14afd5d9a457c2b84f0641e3e8efe68a7d367e1ee281fe0f8de0060e0303792978b449784f8211a628d83c36e8dc3979a1834413afb47b58ecb5ecd129c97eb7b8998db5a5441da6b53343bfcf920ca8d3f03729571dc29395de56a681f9a26a9c5c5012eaeb8d9e6dfeb13f1a9516996ba4bbe49e366debac7b05313bf7401cece253229f492baa1d9204df2f93e761dcef5632a978c7b2a76bc261529e1a2196f14380afaef7005a5c84dcc393f5253080e115887861626a12212361e0b83d5c55ae318eaf26f92d3642cb97f7487a7e688298979596a39f15079f85aa75d9d8ad868bebcae7e68745bbea7417ac557a86cba5c64a967649dae3c1d864bd3a35380ac1d881de06943b24dacb64b3cb5c9baad2547fd90baf56169d974d5ab619618a31396b2c83322ec61951b229ba3e247793dd2aaac62dd7dfd8a6a506dc7c9290a41623045ac1254cf15d25cadf776fc7218a71f4be889a2c0e9e3622e796d76c6a7a2dab89c6470516343eb9b6bacf86b22e34f0a703dcb764eca933694d7a3152982287a292a0378981b1d1defacfef69083ac714cb9830eb63cea22b9887b87b7bd3a483280576fb05ac71550e96832a487f3f49088b6576614289d08e2967ed8979b9b1d12c2ff513395a7784b4320fc6dd66693578d0e6e622120987d71fe483a9a4de7f340b5807bc09bf28fdb971620e1f31ef2e5dbc012996ee2d858808fd31585de4c737d83a6700b7e7c3023922f644599ba5269eb4677be5d0b3e26c3e28cb9bee689669547198136d4e19a5e3be8ec96061f1fcf47c667a1b421864f1058b20a004b56020681004ceacf06d7f79703bf6e8ee4601e109dcf1f4a4c458aa0d9bff342b88baf12044107ec6f650104be762443105cdb4e8a5a51e2daef0318a631d1069fa4c8bb0beca380f3be2e340873c034472c1cf6dd526ad36fbf6e83170e17fc9f966dbaf75617ef5fd84c8605919868241646dccdf2b316a11846d81b4bd6551b512a21e8b842ca82344c6d9b8e1ca63fc2f0dcc455d08c62c8f80acb6cda35560f7f1bf1b2ea29b82883109d3af5964774b286f7c364679de1d638b231f71544d4cbd1db5da55796120a8dc2fc826f82c8ea77ea6bee75ce2dedb447930ccdd4653ae7f5c9777877386ccd6ddd67e9c1c97a2f1da2585bd188660ceee1fa6c21ff64c292db7cb623e600536ba177faf5e9ad665197cd63c7484b346ff32b87f015d5bf61ee4e52ddb2e15832086453beb57353933e4edeacd6b3b5be1039e2c4d0286399480e57e24cb2cb4d9899658f9d4d497b827ea7b8c0e985a5f30475d59b0bbbe7d3f28c099b0eea88dbf0c5e1b16018213c11fcfa1f5120b06016c229c65dd54cfc6989f8f777daf6e9a41dc0b65f25215f770c41848befb59023e877178e6510d24804f167fd8d46aace45ca6719c23a1684e3597cfb9bddb932eea2ff9232117505a10f0d03c75a90725a69e3500bd411daa252eca21d76eb43936bcbe78b53320466916e4c0b3413432f12f4853c85f3c6ae85dba74bf4c9d8bb30df7c35597e81d5675ef9600f6ae4b3df0a155e256b4dfb4c9898b17516cf32b85a422b458daf7ff90384d271c10c7de100fa02ee34d421c7c50646cee3da51d5e99ad9bfec38aa1ca851b3333a34bd83fd34ed64f5ecfe64158ed6e341df99d4dfdf06aadd7bfd00ddfbe9697e2d241b416e32ad5b5b778fc7cc0ebf1e39973c9a505f01c12c403315653cbdae77db29f7cee5bf18ceab9e1d1aa609855a0eaa88f7fbd6bd14958f5c50a16d8ea0341a3fba5e6ca55b1517085a296f155d0b288843c8fd96a046f21f4797e36e0d0a656e6473747265616d0d0a656e646f626a0d0a32352030206f626a0d0a5b20305b203530375d2020335b203232365d20203238365b203439385d20203430305b203339315d20203431305b203333355d20203436305b203339355d205d200d0a656e646f626a0d0a32362030206f626a0d0a5b203232365d200d0a656e646f626a0d0a32372030206f626a0d0a3c3c2f547970652f4d657461646174612f537562747970652f584d4c2f4c656e67746820333130313e3e0d0a73747265616d0d0a3c3f787061636b657420626567696e3d22efbbbf222069643d2257354d304d7043656869487a7265537a4e54637a6b633964223f3e3c783a786d706d65746120786d6c6e733a783d2261646f62653a6e733a6d6574612f2220783a786d70746b3d22332e312d373031223e0a3c7264663a52444620786d6c6e733a7264663d22687474703a2f2f7777772e77332e6f72672f313939392f30322f32322d7264662d73796e7461782d6e7323223e0a3c7264663a4465736372697074696f6e207264663a61626f75743d22222020786d6c6e733a7064663d22687474703a2f2f6e732e61646f62652e636f6d2f7064662f312e332f223e0a3c7064663a50726f64756365723e4d6963726f736f6674c2ae20576f72642061204d6963726f736f6674203336352d68c3b67a3c2f7064663a50726f64756365723e3c2f7264663a4465736372697074696f6e3e0a3c7264663a4465736372697074696f6e207264663a61626f75743d22222020786d6c6e733a64633d22687474703a2f2f7075726c2e6f72672f64632f656c656d656e74732f312e312f223e0a3c64633a63726561746f723e3c7264663a5365713e3c7264663a6c693e41647269656e6e204761737061726f766963733c2f7264663a6c693e3c2f7264663a5365713e3c2f64633a63726561746f723e3c2f7264663a4465736372697074696f6e3e0a3c7264663a4465736372697074696f6e207264663a61626f75743d22222020786d6c6e733a786d703d22687474703a2f2f6e732e61646f62652e636f6d2f7861702f312e302f223e0a3c786d703a43726561746f72546f6f6c3e4d6963726f736f6674c2ae20576f72642061204d6963726f736f6674203336352d68c3b67a3c2f786d703a43726561746f72546f6f6c3e3c786d703a437265617465446174653e323032332d30392d33305431343a35333a31362b30323a30303c2f786d703a437265617465446174653e3c786d703a4d6f64696679446174653e323032332d30392d33305431343a35333a31362b30323a30303c2f786d703a4d6f64696679446174653e3c2f7264663a4465736372697074696f6e3e0a3c7264663a4465736372697074696f6e207264663a61626f75743d22222020786d6c6e733a786d704d4d3d22687474703a2f2f6e732e61646f62652e636f6d2f7861702f312e302f6d6d2f223e0a3c786d704d4d3a446f63756d656e7449443e757569643a33344233463141312d364237362d343932412d414145422d3838363846394543303246323c2f786d704d4d3a446f63756d656e7449443e3c786d704d4d3a496e7374616e636549443e757569643a33344233463141312d364237362d343932412d414145422d3838363846394543303246323c2f786d704d4d3a496e7374616e636549443e3c2f7264663a4465736372697074696f6e3e0a202020202020202020202020202020202020202020202020202020202020202020202020202020202020202020202020202020202020202020202020202020202020202020202020202020202020202020202020202020202020202020202020202020200a202020202020202020202020202020202020202020202020202020202020202020202020202020202020202020202020202020202020202020202020202020202020202020202020202020202020202020202020202020202020202020202020202020200a202020202020202020202020202020202020202020202020202020202020202020202020202020202020202020202020202020202020202020202020202020202020202020202020202020202020202020202020202020202020202020202020202020200a202020202020202020202020202020202020202020202020202020202020202020202020202020202020202020202020202020202020202020202020202020202020202020202020202020202020202020202020202020202020202020202020202020200a202020202020202020202020202020202020202020202020202020202020202020202020202020202020202020202020202020202020202020202020202020202020202020202020202020202020202020202020202020202020202020202020202020200a202020202020202020202020202020202020202020202020202020202020202020202020202020202020202020202020202020202020202020202020202020202020202020202020202020202020202020202020202020202020202020202020202020200a202020202020202020202020202020202020202020202020202020202020202020202020202020202020202020202020202020202020202020202020202020202020202020202020202020202020202020202020202020202020202020202020202020200a202020202020202020202020202020202020202020202020202020202020202020202020202020202020202020202020202020202020202020202020202020202020202020202020202020202020202020202020202020202020202020202020202020200a202020202020202020202020202020202020202020202020202020202020202020202020202020202020202020202020202020202020202020202020202020202020202020202020202020202020202020202020202020202020202020202020202020200a202020202020202020202020202020202020202020202020202020202020202020202020202020202020202020202020202020202020202020202020202020202020202020202020202020202020202020202020202020202020202020202020202020200a202020202020202020202020202020202020202020202020202020202020202020202020202020202020202020202020202020202020202020202020202020202020202020202020202020202020202020202020202020202020202020202020202020200a202020202020202020202020202020202020202020202020202020202020202020202020202020202020202020202020202020202020202020202020202020202020202020202020202020202020202020202020202020202020202020202020202020200a202020202020202020202020202020202020202020202020202020202020202020202020202020202020202020202020202020202020202020202020202020202020202020202020202020202020202020202020202020202020202020202020202020200a202020202020202020202020202020202020202020202020202020202020202020202020202020202020202020202020202020202020202020202020202020202020202020202020202020202020202020202020202020202020202020202020202020200a202020202020202020202020202020202020202020202020202020202020202020202020202020202020202020202020202020202020202020202020202020202020202020202020202020202020202020202020202020202020202020202020202020200a202020202020202020202020202020202020202020202020202020202020202020202020202020202020202020202020202020202020202020202020202020202020202020202020202020202020202020202020202020202020202020202020202020200a202020202020202020202020202020202020202020202020202020202020202020202020202020202020202020202020202020202020202020202020202020202020202020202020202020202020202020202020202020202020202020202020202020200a202020202020202020202020202020202020202020202020202020202020202020202020202020202020202020202020202020202020202020202020202020202020202020202020202020202020202020202020202020202020202020202020202020200a202020202020202020202020202020202020202020202020202020202020202020202020202020202020202020202020202020202020202020202020202020202020202020202020202020202020202020202020202020202020202020202020202020200a202020202020202020202020202020202020202020202020202020202020202020202020202020202020202020202020202020202020202020202020202020202020202020202020202020202020202020202020202020202020202020202020202020200a3c2f7264663a5244463e3c2f783a786d706d6574613e3c3f787061636b657420656e643d2277223f3e0d0a656e6473747265616d0d0a656e646f626a0d0a32382030206f626a0d0a3c3c2f446973706c6179446f635469746c6520747275653e3e0d0a656e646f626a0d0a32392030206f626a0d0a3c3c2f547970652f585265662f53697a652032392f575b2031203420325d202f526f6f742031203020522f496e666f203134203020522f49445b3c41314631423333343736364232413439414145423838363846394543303246323e3c41314631423333343736364232413439414145423838363846394543303246323e5d202f46696c7465722f466c6174654465636f64652f4c656e677468203130363e3e0d0a73747265616d0d0a789c2dcc3b0e40501404d079fe2191686cc3022c879e44a35288c2266854d6a4b003ad9267c62de6343317b0f73cc666067c6ce220e6262ec42856e29562227e277671926026610f38f6450e47b8c213be30e26f0676172d9cc705491a52a7a21203692fe00566000f300d0a656e6473747265616d0d0a656e646f626a0d0a787265660d0a302033300d0a3030303030303030313520363535333520660d0a30303030303030303137203030303030206e0d0a30303030303030313633203030303030206e0d0a30303030303030323139203030303030206e0d0a30303030303030353033203030303030206e0d0a30303030303030373638203030303030206e0d0a30303030303030383938203030303030206e0d0a30303030303030393236203030303030206e0d0a30303030303031303833203030303030206e0d0a30303030303031313536203030303030206e0d0a30303030303031333935203030303030206e0d0a30303030303031343439203030303030206e0d0a30303030303031353033203030303030206e0d0a30303030303031363732203030303030206e0d0a30303030303031393132203030303030206e0d0a3030303030303030313620363535333520660d0a3030303030303030313720363535333520660d0a3030303030303030313820363535333520660d0a3030303030303030313920363535333520660d0a3030303030303030323020363535333520660d0a3030303030303030323120363535333520660d0a3030303030303030323220363535333520660d0a3030303030303030303020363535333520660d0a30303030303032363037203030303030206e0d0a30303030303032393237203030303030206e0d0a30303030303235363134203030303030206e0d0a30303030303235363939203030303030206e0d0a30303030303235373236203030303030206e0d0a30303030303238393130203030303030206e0d0a30303030303238393535203030303030206e0d0a747261696c65720d0a3c3c2f53697a652033302f526f6f742031203020522f496e666f203134203020522f49445b3c41314631423333343736364232413439414145423838363846394543303246323e3c41314631423333343736364232413439414145423838363846394543303246323e5d203e3e0d0a7374617274787265660d0a32393236320d0a2525454f460d0a787265660d0a3020300d0a747261696c65720d0a3c3c2f53697a652033302f526f6f742031203020522f496e666f203134203020522f49445b3c41314631423333343736364232413439414145423838363846394543303246323e3c41314631423333343736364232413439414145423838363846394543303246323e5d202f507265762032393236322f5852656653746d2032383935353e3e0d0a7374617274787265660d0a33303031390d0a2525454f46);
INSERT INTO `fajlok` (`fajlid`, `hetid`, `fajlnev`, `fajltipus`, `fajl`) VALUES
(13, 5, 'teszt.pdf', 'pdf', 0x433a5c78616d70705c746d705c706870353539382e746d70);

-- --------------------------------------------------------

--
-- Tábla szerkezet ehhez a táblához `hallgatokurzusai`
--

CREATE TABLE `hallgatokurzusai` (
  `kurzusID` int(11) NOT NULL,
  `HNeptunKod` varchar(11) NOT NULL
) ENGINE=InnoDB DEFAULT CHARSET=utf8mb4 COLLATE=utf8mb4_general_ci;

--
-- A tábla adatainak kiíratása `hallgatokurzusai`
--

INSERT INTO `hallgatokurzusai` (`kurzusID`, `HNeptunKod`) VALUES
(1, 'BATMAN'),
(1, 'TESZT2'),
(2, 'BATMAN');

-- --------------------------------------------------------

--
-- Tábla szerkezet ehhez a táblához `hetek`
--

CREATE TABLE `hetek` (
  `hetid` int(11) NOT NULL,
  `het` varchar(10) NOT NULL,
  `kurzusid` int(11) NOT NULL,
  `tesztid` int(11) NOT NULL
) ENGINE=InnoDB DEFAULT CHARSET=utf8mb4 COLLATE=utf8mb4_general_ci;

--
-- A tábla adatainak kiíratása `hetek`
--

INSERT INTO `hetek` (`hetid`, `het`, `kurzusid`, `tesztid`) VALUES
(1, '1. hét', 1, 1),
(2, '2. hét', 1, 2),
(3, '3. hét', 1, 3),
(4, '4. hét', 1, 4),
(5, '5. hét', 1, 5);

-- --------------------------------------------------------

--
-- Tábla szerkezet ehhez a táblához `karok`
--

CREATE TABLE `karok` (
  `id` int(11) NOT NULL,
  `karNeve` varchar(50) NOT NULL
) ENGINE=InnoDB DEFAULT CHARSET=utf8mb4 COLLATE=utf8mb4_general_ci;

--
-- A tábla adatainak kiíratása `karok`
--

INSERT INTO `karok` (`id`, `karNeve`) VALUES
(1, 'Bölcsészettudományi és Művészeti Kar'),
(2, 'Gazdaság- és Társadalomtudámányi Kar'),
(3, 'Informatikai Kar'),
(4, 'Pedagógiai Kar'),
(5, 'Természettudományi Kar');

-- --------------------------------------------------------

--
-- Tábla szerkezet ehhez a táblához `kurzus`
--

CREATE TABLE `kurzus` (
  `kurzusid` int(11) NOT NULL,
  `kurzusnev` varchar(40) NOT NULL,
  `koktato` varchar(6) NOT NULL
) ENGINE=InnoDB DEFAULT CHARSET=utf8mb4 COLLATE=utf8mb4_general_ci;

--
-- A tábla adatainak kiíratása `kurzus`
--

INSERT INTO `kurzus` (`kurzusid`, `kurzusnev`, `koktato`) VALUES
(1, 'Teszt kurzus', 'VALAMI'),
(2, 'Teszt kurzus 2', 'VALAMI');

-- --------------------------------------------------------

--
-- Tábla szerkezet ehhez a táblához `tesztsor`
--

CREATE TABLE `tesztsor` (
  `tesztID` int(11) NOT NULL,
  `kurzusNEV` varchar(40) NOT NULL,
  `hetID` int(11) NOT NULL,
  `kerdes` varchar(50) NOT NULL,
  `a` varchar(30) NOT NULL,
  `b` varchar(30) NOT NULL,
  `c` varchar(30) NOT NULL,
  `d` varchar(30) NOT NULL,
  `e` varchar(30) NOT NULL,
  `f` varchar(30) NOT NULL,
  `helyesValasz` varchar(1) NOT NULL,
  `nehez` int(1) NOT NULL
) ;

--
-- A tábla adatainak kiíratása `tesztsor`
--

INSERT INTO `tesztsor` (`tesztID`, `kurzusNEV`, `hetID`, `kerdes`, `a`, `b`, `c`, `d`, `e`, `f`, `helyesValasz`, `nehez`) VALUES
(1, 'Teszt kurzus', 1, 'Kicsoda Bruce Wayne?', 'Batman', 'Joker', 'Scarecrow', 'Bane', 'Penguin', 'Red Hood', 'a', 0),
(2, 'Teszt kurzus', 2, 'Kicsoda Cthulhu?', 'Szomszéd', 'A boltos', 'Az anyukám', 'Egy politikus', 'Ica néni a boltból', 'Elder One', 'f', 0),
(3, 'Teszt kurzus', 3, 'Mi az alma?', 'zöldség', 'gyümölcs', 'halmazállapot', 'innivaló', 'gondolati dolog', 'egyik sem', 'b', 0),
(4, 'Teszt kurzus', 4, 'Mi a karalábé?', 'gyümölcs', 'innivaló', 'szín', 'márka', 'zöldség', 'egyik sem', 'e', 0),
(5, 'Teszt kurzus', 5, 'Milyen a diós csiga?', 'diós', 'finom', 'jó az illata', 'sokan szeretik', 'minden fenti válaszlehetőség', 'egyik sem', 'e', 0),
(6, 'Teszt kurzus', 5, 'Mi igaz a fahéjas csigára?', 'Csigából készül', 'Sokan szeretik', 'Ez egy hangszer', 'Nem létező dolog', 'Egyik sem', 'Mind', 'b', 0),
(7, 'Teszt kurzus', 4, 'Hogy érzed magad?', 'nagyon jól', 'jól', 'átlagosan', 'rosszul', 'nagyon rosszul', 'fáradt vagyok', 'a', 0),
(8, 'Teszt kurzus', 2, 'Nehéz kérdés teszt', 'A', 'B', 'C', 'D', 'E', 'F', 'e', 0),
(14, 'Teszt kurzus', 3, 'Vajon működik CSS-el is?', 'A', 'B', 'Igen', 'Nem :(', 'E', 'F', 'c', 0),
(15, 'Teszt kurzus 2', 1, 'Vajon így jó?', 'a', 'b', 'c', 'd', 'e', 'f', 'a', 0),
(17, 'Teszt kurzus 2', 5, 'És így jó lesz?', 'a', 'b', 'c', 'd', 'e', 'f', 'f', 0),
(18, 'Teszt kurzus', 1, 'Teszt', 'a', 'b', 'c', 'd', 'e', 'f', 'c', 1),
(19, 'Teszt kurzus 2', 3, 'Teszt', 'a', 'b', 'c', 'd', 'e', 'f', 'd', 1),
(20, 'Teszt kurzus 2', 4, 'Teszt', 'a', 'b', 'c', 'd', 'e', 'f', 'd', 0);

-- --------------------------------------------------------

--
-- Tábla szerkezet ehhez a táblához `trophies`
--

CREATE TABLE `trophies` (
  `trid` int(11) NOT NULL,
  `trname` varchar(30) NOT NULL,
  `trimg` blob NOT NULL
) ENGINE=InnoDB DEFAULT CHARSET=utf8mb4 COLLATE=utf8mb4_general_ci;

--
-- A tábla adatainak kiíratása `trophies`
--

INSERT INTO `trophies` (`trid`, `trname`, `trimg`) VALUES
(1, 'Szakaszbajnok', 0x89504e470d0a1a0a0000000d4948445200000078000000780806000000396436d2000000097048597300000ec300000ec301c76fa8640000200049444154789cecbd799065d75de7f939e7dce5ed2ff7cccaad96ac5d2aa9a4d262c99225db32920c36c63bd0cdd601c30013d0400cd031ddc3c01f3dd1447733110dddc3303d13f4101d18376007b6bc4996655bd656da6adfb372addc5ee6cbb7dded9cdffcf1b24aa56960c05695a043bf88cc7cefe57befdefbfb9edf727edb8577e81d7a87dea177e81d7a87dea177e81d7acb68c7c33940bfdda771a3e9bff90bfc6b697aaf7dbb4fe11d7a87be67526ff709dc00527435d35f25a16a37bb83379eeee13c1d0b4fdbdd3c3ee079b21bad9b8e2c95c057c6f73ca783dad9b53f5d04dccd39fdb796fe5b03581dca3ff671a7555e8b3d0160fd420f9e12edb2824a6c45acdd01b275dd06256ec32a55373a78af52eac32264a269e1795a02af205a3ddd69b47ff152ebf34bff7f071fdef70b3bd9a8b79696fed3f20dbdcabf03fd430658734daa8ef8fb73836381e23ead837fabc013c9a6510a72610fda084e0a2a4d0a92d932f2a6efc9049518950b95f27c10e53448e023818f235bcbe2e61fd976fbcf93283e36cdd31b7fd5c98cf77f624c0f6dff5f696c8ade587a892c8b401297b9f3ad2cb9b4c65357f8abb5ca0da57f7000efe5e181b098fbc7067db738fb17225246eb4735ec554a8f78aa30a450cab9140c1086603c947310a79065c855801574c1361855402b8328413c83843ee279a4b62959dcec48142d8bb84511f7bc58f59944674d9b24cdcb3c330dc88ef2473ea20a3dbfefa56ac044511bc13994b3621b8e742573e9e7ea49f2ef37f972ed66f2ebef3dc0bb793c2c54bd516c7aaf16fd21857e4829bd4d2bad1087930c85520a8d520a9f321a1f2711a21de40a28cf07e7504982c429205c95628542e1e399120a85530a093d0803ac11a2a48674dab82442c4e170e240a4fb2803be03c6036f8fa70a0379dda78de451ca473058c948a44147365c2cad975d92fee42c5f38c94db2e97f9f015687aadfbf53e74b1f54d6fd884eb35b9495b2462b8d41a351283217a150e8ad573c55c4570532d7c1690bf902ca0b4004952410c5e0aed7d10aa3f2f8ba0280330a970b20e793a80e4954c3b55b481ae3e85a6fe7521c0e87a044a34c014f420af453d4c3845429e832fdbd25067a3dd8ec70a63ecdb1d64969bab567b2b4f38bf37cf9b59bc144ef661ce4bb20757be9fb1f565eee174d507cc8d37ed535dbcab8142d0a8d412b83c66000c16d01acd1e211a80206b0a428f2a0c3ee4ad63e0a0d6f32c21a4f95f1292180180fe78758a3712e0317e224c121889fc785056cf30a4e2c02283c3c2952d4835418634046d99b1be1c03d836cff480f03f980ec0b192f7fe3322b34d5b48eeec1b7ffa4277df85f6cfc35f6fcada4bf7700efe6f1b054508f19adff19983b8d049e161f8345f306b85d19f6305ae15c7c4d82b5f8841470683222507994ce030aa513508aae76ec2a2f8547402f9ecae310f0429c9f233131d6852809712ec1a111ab70518c96008b0534069f9c54e89571a664378ff5ed61e783bd946e0f08b67b644b29f678c2eed610a38cb1c87ccea9e8e182171cdcc878f646f3f3ef1dc0b962d2634cf15306ef1e6535a693607018abd084181d6c49ae418b41a93c29f52d800d5a858452009527a509aa84d20594d2289380f6c0a674ad2f2842727a1885071a9c57c07a3ea23710229c8d70627192e2acc55a87d3459c4b413479556187ba9577db3bb8d74dd0776f1e86803cd88d8cd6bf6ac1bc50523e538c729c824aa8ef33f8f7c3c197e0647223f9f9f70ae0831c0c3cf13eae847b8cf2d062f032c1887401553e5a8578dac7533e5a34ca298c2890142d1a2d397c9dc75321464028a17519a54d1760a581f49afc1a5522c700a0106310bf48621c5612b48b71ae43260e878fc362c9b02ec361f0558edbd59ddce7eee1163b40a9a2c9da166241a78ace7f8c9005bb7524cdb0aa6044a351be56eae03813a5394ede50affa6d06f8610f9eceae3e3685f071adf5ffacc40d68a5f108f0c4c7e06308303ac037398c97236f02c419b01a9b05d8ac81711aa38be48211f2aa8f389d47541ea52ba00de84ef7af8a51d295df400d11a821009cf1113f04d3c166119e4bb1ae85278225bb06b090515025c6d4411e3547989032651c6ddfa13614fea8267b32c3bd6adf64ee7b541e250e0d4a21f90c6d6e3487df2e80f5fed14fbfcbf7835f10f72391b669a492a4cf24d95dc63160d04a8be0e3635448d153947d4bdb15c8fb25bc204f5f9863d3fab844435c2051069369427f9272f530153544b2318b688378259c16acad93a97984162841a1c8e96d78aad255cfbec6068a4c83d08b7319d6b5b01832321c299684a2cef12eff0087fd5b98ec2ba0ca311bc712e28e47de85f8d3827d3d832de52b0022140810c900275a8983e60d67f4db02f0bee14f6cf782dc6f1a3ff788764eb9a483f2355a324c6a31a250081acdf672871fbbeb7976874b7c61fafd9caabf9fd1be1e82b0c074c3e0528fac9d916bf7102439cade7efabc0986f0b1660fd6d34860487d21d13d38bf492e7f195fd768d587906888b49390aa1c1268624f91290f4f4aa4a4c4b914e565183f43e98ca81de135036aed98a15f869ec772acfcca3c6ba9608b0145423a2fc65bd7d025d9da762b2558222003b82ce4db379ad76f0bc04eacea026830ce609443b4607c83c66232d04e51f59bfcf043af73f763b3345fcdf3687692be5d77323a7e2b8bab21eb739a7a642879219eb6e45b3906b241861a1ec30a94f3b146a0671d3d750a7ffc45fa777d81feca2972ed753aab4596e76e67e5d2011666ee63a973271b55433c6450bd21ba9a2737388cead3e42a1e4660fae53ae11f9ca7e8c5642375565f6bb236d364b6a8181b18a075aa81711e06b3e5c4292c82f89af9640d4b84c3464adc9525d66ea883056f13c036356ba4e9bccb9ad627e7193c84007486f103b4828ac47ceceed7b9ff672ea2c9935f2e12d60bbcffa37dd0b79be47329b99686d8a3902b50348a8228b6b53cfa33455509bab28ef7c12f917fef53e4f7bd4050bd805af490f65ef4429d62659591dea7d0d98b9c194a3959bd15efee114a3b7284433e85aa4721e701422b121a2da17cb18924113d3d3ecffff151ae5c5a666fb09fd189319299164debe363f1b6367516c80258ef159e5f398553169444e2d41a1ccd6e34afdf1680b56a0a495e2041c830ba80d6014e81313ea1111edb7d96477fe922de04b8577c4c5f9144f7921fa8c2b8b063bb218d8b4c6f7a145a1efd1ee433e849a15859a5fac817c87fec4f31078f61aacb1027b02848960756709b11ed638ad3b511feddc15fc63df02883bb76902b8518ad714084a2d570b4da429242b2ba49ebff3e4eb9d3622ef5b9b474893557c71d18e31ecfb016ade14b9e400578f88828ac12ea567875758df3d9455c180294c95aff74423e706636fdea4b57d932123c7ac08af357d2afbefa56f1fa6d00f8889f0f4a77e8241955d63a87c5292130bd28bf84f8c2ed930d3efc4fd7a8dc93c15c886a78e8e102b9c3bd4823c11d3f83eb9f448d96d8e1fb5443e8338257aa537ae84b14bfff4ff1265f029610e741c747da01940bb8a2e05e59257bd561e78497f63cc8cca77e9aa16ac872045e5dd0e2d00e2483b8032a53a84cd1fecc31e4e2260a3891add3a6430747abe6586bc4d4dd269a164a3c34064f7234adc7d16889052ed3099be8422f468be71a0b777859f68353e1273694c8bda2ecc732958c2659f69b6f25b7df06808fa6c7ae94bf7d47b97042a3dfab101c114edae4cd2068c5f0be84be3bf2e0e590358dca69a46ad04301ae9e20b150ceb7191da9d3de08e80f35c56a4ae183df2678ff33a01c220740ed47c440b88ccaaf805ec1b422e8d1905728251448f19487d5ba9b554c4065a02c28ab505bce926bb691e7d7e9d8148326a3414a06086c6a5c0009116030f894a40771059e4b4f7085393a66158da0e30ca7528c53cad3c54f2a820f386cde2afb4571ee7f5accbe7cf2ade4f6dbe34517fc2125ec5060b4ea060d9d44884b29f82394fb96f18b0964555494425e43e0d1c960fa58c64a11fcb081ef9a9452839ff5e3ef9bc1bbf31c621db8bb50f91c90a0cc024a9d07568018003d24a801059760a0b94467b94dceaf10540cc607d712e8005b6e12809b5e279d6da151a444a4b4111c0ecb66d420b380d618651872c33857e0ebf665a6e5658acac7579ac006106504ca471850998ef64676f3b215fbabf5d8fbd20a4fbce5fba6b705605f990160548146341e867ec9931721333ec5521fda1f817a03955b074f685cb6bcfc4281dfbeeb3dd48607e9d5d0133986e380f1a6e3bd1373dc135cc6db9c039343c20ecabc8e5296ee7ed301020a54209861850aa1d0de802b2bd4c3329d554b2954e402452ea720e9463595803bb146bad6268f22a14d4a8c4170080b3247437653a2879d7682a64d79423d4d698ff01bb39fa4dc2973d2cdf2ac9966513b6269d190456257279686724eea2b7ce5866c8adf1e8061502935084ae5c5e7f1d2addc930c2371864a720ce904d46e54741929b6a82fa43c797c2fd39ffc458ef7ee22c8345a411b471d581645c004fb4cc040ee1cd2b90071090a97e9461b5290ada8d216cea60f240faad6a4f7ca653ac10ed406b445d341a310bc50e10596747a0e9eba089d0c8510b109a4e8ad2f5c65096b9bec747b38e64ea155cccfdff338dbabe304677c148abbed413e661b7cc79ee7abfa595e23a3ad403bd32b248781277bf944b91464134ed9079d245592e80f17797af57be1f5db02b028fa94d0ab805dc5113ef49ec769add578f9e8ab98b44d215e86b8063aa2037c6ef15efec3c19fe762b8038934e322dc661dab2dcbe28666b857218d614ecc3dc843f7fd41d733320720a7c0c44006ce41046c026ba0ac60aa1a99edb07d7d8ee971452a0a44a39cc375dab457d6c8362ec1e9d729c80a6677449246b46a2bb84d4d48809011288f4db5cc5997f100b7b2cfed22f84e70fd15a3d19429f1883bc011fa7899533cedbdce9779d9ab2bbd774fee473fed94bdd7897bdce2760ae68c0bcce749f88705f06d7c5f51a10e80ca6bd17c70df834cee99a2d1dfcb99b3a769b66a448d39882e826ef3f4e22dfc9be22f716ef010a6a529db0cd571b4ad4312e8f185834e78e63396e72ea73cf0471d4c9c20ed35a45444e5d7415c37c99f009ba03654770b6334810ad8e7475cc9c062b0cd15f2d967d93ef10ab9dc22c6ce60ee6ea35d466263a2c8923b97e7d857cbc82b058aad2207b893db648abbe54e7aa9220896f45aecda91225b316c3f741406421eb0b7b1c316f0d73bb9bfd0f39fb04a3e9a415554661085526a2798edc0f7e474dd7480a372922faad26e41e5f605133cf2f8fb31b14fc92bb3736a84d3cf5d20ab2fe1920566d706f8f5d95fe3dcf6db50ab0ed34a3056687b70d928544ef1feed964b9fd9e0856715d9fa38af7db9ca9d77aca036aee0ca8770c37374967c9a97025a333ed1458f64d9c7347dfc8b8a1d3ff049d2ed135c583acd7436c8d953ff99f1f7fc2ef7be6b8342de928a25ca8428757452a11543ef01c5fc50c6a57c831f7fea17b9d7dec57619c6d1669d88eb6d81c2010e83e00372c843ff648ef53f3ccdca898bdc2fe3ea09b551edd041e1505b952aa073a2f483c013df0bbf6f3ac09e572a38f48e7ed3a37eea139fa63c54259d6d238d947d7b0e73eee8b768af37387fd1e7e79eff0dcee4f6a18e47f81e042545ae4fe3850a42c568d1f1e46fcdf3ead114c4c74acceffee11efec3afd4881760eebf1471d9bfa4f3c5129d2b1b18951298145f836f3465edd3d31ee0eedc1ab75d7c9dcf842b7cfba3e7582b0ba73b450ee51d91cde864199d34a39364b4224babb1c99ed3fbf8c7977f96076f7f183397908b81cc22a9a032e9d680e1ba501985ae1aec3e857ebc43f2b5cb44c76720e9d0f60c5669ba45a2dd00ee56ae5a69f48fc0c3bf054f47df35bfdf22dcfe2652e3dc979b633c813fb55e645d1006d17bf61f915befbb459176f74922e02f850ceedccef4ec0b7cf92b3fc8dcc8bdf469286fd3f46d330cf469468ad0ab14c514968fa57cf1a5b47b14d7a2a0cf526b04bcf2f5019a672b8ce53fce8e6d93b47636593775dab51a8172e4fc103f28207e1ed5f0d18987dbd64bd3ace326156b8cf0ec7ac46429435c429425c42e224a23daed0cbeb99b3bfecbc7991a9b62ffffb28fe88536e68a860d0535071b0ea93ba491218d84348c696d6fd26eac93ffad358cd469da088b635167c8b5ed98a2ebb3eb36a8d322ead95ebc70bdeb3d7c5774c3013e54fdfe1e94fe897e979694faa1e7a2b8736e4f65dba5fb1f3a42a5bf044ba03028e5e16a0923f9293e7b79272756dfc7477fa08f8d9e9042c55009a0e22b4caae86c0a6902e5c100544c59cef3c0cee778fffdcf73fb2dab04eddbb01bb7530dc6d85cb9822e7518dc5f246defc62d6ce23207f91269bec0c9891e4e1ee8e7c4548573e97d30f0224a7f95173736b9a73761346cd3c9da64aa451628b2059f1d7ffe3e86e72718b96710bd62280c97a00a1209341dd21064dd214b29e94ccafadc02ad573731a945d1c6a3892323c432abe26ea92e08421be16911f98a75f2ac4ad5c975bef63d659c6e38c03656659dd31fc698bb8d78b57258b8e28c1e29f59730be418c60bc909cd78323a07f6937adea835c6aefe58e8e30b9cf238d40224834a489d06880b390341a3c30f8c7fcccc35fe7de1f5a60703c464701279fdc4ea97a2741b14ad45ec558835186a0b7173db19b463de12b03c2b30fece0f21ddb58ef0b39500ab8fccd886cb58f7c2ea2618ef1670b1d7e655793b5ac8ef33c8a15219a1e62cfc9c3a85cc0d8e171241188b702232d413605362d34324813ac6dd369aca324052252ea24344911020cd32a72822c5be4f3ceb93f4b8d1c9b6deb55f8fc5b9269bae100c75e12e525b72c48d14151a326d6ea1de63aabdc99b7780583ca2b7418821f905386d2c4e3e00fb3ba01a34e68b7c05ac89515ad0c5acd84e0cc8bdc73fa77f99ddf7e0affdd1eca04b0d9436daec2fc893bb87562378140b6944759472c06a5c00efa7cf90777f1170f8e21799f75078b160e24196b9b8a68a39f9cf728b9b180996c856f2fac716068894d0be39ec56b8d3165f7d31e6f922be42116a4e3a025a8a6e0ea29b5d515ceaf5e60b992d2b945585a39c78e56ca7062294b82c591605026e0843d776123daf8f179bef49d1bc1ff9be26439aef6a90a02a45671e6b5455aef8aa8168a500042c05778db3d064a21859e80d52b4292298c2f7412a1a2a191450c5cfa328f24bfcb5d9f789de048005244da45488aaccc8c9124b7e2ca3e2babeb6cac35908d0e48009e259ec8d13e5261aae29359c56226f42bc1d685c8299c40ba394aaef75e4ce12ccfaf4c331208d59e88019351de1e6074c2b6d228c6e8aef4c60e8952881cb3f5195e72b3e41f9960fbde095623f8d2ca142fac9c6664f33cbb3656e8e93409a5c0064a36a4f6fa3c73476f14ef6f38c00a23827202e2106550a0424ebdb846ed636daac345280279904008b62bf6cc65f4d9889556c86ae4e8338a6201c6c87027ff84877bfe37f63c74017f3480b488347a68cf0cd25e1ea376e530438726c8ca299b2fac63cf690a6989a0bf8c741c17cc202b0355aa5a732e15860472c0fab2a59128f01469e6e16fee265f4c89a871b696f243bd03ecf41d95bd0748aaf384cd2a9e35dd004a9661cd0ab6ef2cb6789abd3d0183e396666793f9a53106ca798e2d8db15e1d66a1e70a85e6054ab573acc62bce3af7851b595979c3016e346dbbb7eaa605ed0023185001b5c8b232d362e7d46017e002b85e47d4e331fa5cc8e156876f35434ebc284cbd07c2b441b2788e8f8efc26c3079650a18f8a7c16be33c5ca9f7f0053db4db8778081a102da19d2ef6ca0cf77b07448ca19a57b7b488fadf1d21dfd989ccf4ce4783d117a50841b9685594bd6e926e9c5425c0ba9f8fde4ab09276aeb2cda55f68fa4fcb037882bcc13cc45dcf99f8729f65748779f25ddf31cce5f6150270ca330ed252a0494ca55a2ed7bb87ca9c8958d064990a752bd93a4ef00ade6e574a876fad495dad76e18ff6f78555f8b0b6935dc7fd913b3a6956e2b5328e572d5d2477eec2e75d7adbbf08c47d254acae3ace678ee571a17c7f81edbd3ea32d8d3e1bb3f8d429face7e8d4f3d30c5d8be9328b30c8963f3fc2e16fff0e7a99fe8218e02b2384fdcccb3b9262c37dbaceb26ca4fa8e4023a97e7382709dffcb54759d49ae73a8e58c1a412469632ce9c4a8936a5db6b980aae6da16e689efc168dc62c6b738b5c6e4ef36af62c7c43b3676984f2c626c9812750f79e4272755016710eb10e9b25381b11526767df0ca3d506cbeb96f5a6236a3b3cbf87727197d75bbae5c1f1c2075ebfb0a1e686192f94b9b3a79cdb3f58d27bc70a6ad75eedc63b09d3dfb5277d536cf085cdcf9f077e1b8ef8b74ddef1f3fbefecfd9dc73eb5cf1bd959e15bbfba8eeeeda1740476fe84a16f54236db01b3eef6938eab31e9bab8394f63fc4b66d93b8d643103f4fbae1b3f47f7c80cdf50e1bbb2cbd0707e99f1c87be326214a39d41a88fe36fb4f0176a9c7cf629fe6cdf188bca707133a5181aee4738f4c206d9c584f842c4ca1587af35da18441c8a98707398b858c38660af681235c3d960817baaab048f84048f7470ce22b145b20c9b58d238c5650e63345a299482db471b8c3e12f0c5d726f9ce8529e6977c7cdd4b92cc4d2632fd33bb4ac583a2c209ebd2ed16d72b5a024445a10a7eb3917ef7f1e89b1cc93a9a4eddf6fefa873f3ae576ece9c3140c2bd590231f574cde6ef043d5f5c812e8d4617d5dd1f142c21da3f44d3ab411169eb993c5b33fc4b6de17e185619acd8cc6e18403ef1a666c7018670d923aa4e521ca27abc5a8d811bb8453b7ece6fc5ac2ce5e9f477d45e58979069f6c71dbfdc3fcc07d79d49c452f81da70b8b5886839c5d6f663ec4e7426a4b64e8b532ce4cf30f05813ef81256c1ce3524bd48cb974698d8bd32b345b31d68267349572c8f04089b1912abd95904f1c39cfdec1067ff9fa24af4cafa1d44c6eb4aff9e185c8dfbb19bbd356d46927ea92683d9fa52caca66b97be178edff450e54f7f64efea7bee1e4d8d5101c07d3f95636c9f419bad22530bb60d511b36eb8aa55521cc0bf9be0e7112b3217dbc7cf463a8c65ddc7e7888a9af18662ebd42fb54932c8e50050f672dd24a4967d7c86657309d88241f60c70679a46438d21320cfcdd2fbd9193ef24f8ed0335e445990499035814d41362dae394cbad8c09d5d421f9fc15b4d30fe30cd0735d9bb635cda41928cd5e5065f7fe61ce72fadd268c558dbed0c15ba2007a14f21efb163ac8f078e4c72642265aa7f8957678afce5f1b2faf491d01fae0c1dfdecabb5dff9dd976616e0e9983777c87dd774b30156ef3e509d289a28ef920e2a28323a2ca85881e9a66c5d4da82fc0d2022c2fc1e64642b1d06121ab53283679e5859870b2872b674bcceb0ebb334d61b94db4b046521a429ca07d855dae63e76be82846d294b858e6b04b79cf60c0cad226e6b317f8f0876ea177bcd40d0476407504952944d86a7551989e2adc5a82bddbb1739768559e80fb33542b4632cbf4a535fef28913cc5fa9771b7e45ae212340621d513b62b3058bab4d8e9e9ce7f6bd23dc7d688c77ef2af1f09e753c825cce043ffdcfdf57b8f5571e3cf89313fff6e9f36f15c36fb893753dedca3d32393e54fab10353bd8774aea8084b2a6b08b6eee11a509f162e3c07a7be2d9cfeb670f18594e563f3ccbf7a89cd1373acbdbcc2b9936dda573ae84a91b50b1bdcb59063c69d261c2bd2dbd303ad0ee9f22af1dc3caad3413bd069c26cdae00f4bfd30d647f9c432efda0cb8e5eeed686bba00b70569093404693aba11950c1a296a3346369b24dba7b1872f615b6d5c6a99bd5ce3735f38cefcd266b7b85d75a195ad5f0228ad305aa175d716a7d631b7dce0c2ec3a496ae92d85048110db8ece6c3c61252b1fccf417ff7271f12d6910bfa912ec6b95bdf8fa95a77ff0fb76f7151b4b8f4a50f09caeb2743963eeb866f63558baa0683735a9cdb05207d9a493b5c9ab94a6089d8e23c90a24bac099cb57f854a61049881757c826eaf82264eb6b24b5259c8078219e13aa7144a814afbcb6c26d1b19b7dc3a81e779485ba001341cd214a469a16da19da1da19aa99209d36c9e01992c95770ad262eb55cbab8ca97bf769a85e54de4aad4be313880c03314429fc03328a51004112175906496563be1a9172f71f94a9d7b0e6c63cf442f18a71cdcb2f7d0a122478fbe25bdc33715e033edaf2e7c7a33fda3d69503eb46717b1884e336cb78edc90a279fa990b635220eeb62acdb44648dc46de024a2910882c65162b3be83f3b317986fac710e4796c524cbaba41b1b18a570f575541ca1ccd6cc0de55169b5e9bd32cb62a99f614206467ba105acd395dece564c397528ebbae93e71282cc9e002c9ae63b8acb625b9eb7cf96ba79959d8c0895ccb8601785a512de628863e466fc5efe48df6959c80f3852c14522bcc2d36585c6d7278cf90bce7f0781204fef9ced252e7ade2f94d55d100df989e76bb4e6f260383f977552a7a979713b53cd3e1d4d18c346b93ba1a995bddfaa9e168010ed13eb1f4b1dedecb42b4cac5f805126da9a8450649514983a1ed239834c66e6ea09d431b0f1de4308522f39965697e96cbb31dc62fe718ad87f8168c525dc94b1dca6ee572ada05287ca1c716986cece67706e05c932e6676bfcd9e75f6776710327ee9ac47a5a5329848cf49428043e4a69646b5ad33580e5ea42e8a606b5d6e47d0f717072aeb670f4d2da872f93fdbb9ff9dad7d2b78adf6f4b4dd6f1636796ab7f6ee6ca95c00dde61ccb6c904572cb13c6f087d4be02518d3c6b90e4a83ce9768c42566ea196d2eb0c0295ab9048f3c0b59873b5347d06e92361be4021f95655b0ddf1e2e0899c9e578e9b643f4eeed6728f3f9e3d38e0b975638787e8d037d8689320c167ccaf922a1cee1150d26af49ed0671f159c4ad2269467dbdc9a5f3f34006ba5b096494a698f3a9e44342df43002b74d5f6560ef00d70d535497674dfd34933ea514c9cd9a4b5d25efd8f4f3ffd96b6b3bc2d00afb0d2993939573bf6e431fbf0ae7e33326809073739f14a9e401728048a4ac5d13792a73a1cb2b9a638b7b2c889e8183a5782bc0fba0708584b2cd5c4508c9a64ebeb485f4f37656e34ca688e2acbd7f64cd2b8772f43db4a943b8ed7fa22fe7425a1b01933beda66a4d562a2bece446d915dabf34c8cf4b0ff81fd14aa67c956e771494a6d7593e90b8b28e5b8e5d67e3aaf595a9b19bdc51cf9c0432b7d0dbc6be06ed9e6ff0a5c1132e7682669175ceb7080c5bde5b3436fba8a0678b432de5b50e693b5f9f82b63a90000200049444154b543bbefdca9cbfd3e9606cfbd7491d5cd8b34e319365a0b5c599f677e7581a59515ea69872c2c125672e4aa7d24b93c2a57a462e0d18262c883b68b28560a286731c6308de5f70edc4ee9b14378bd456a59772280558a8d1aa4a9c7665060b9dcc374a98753e5215ecbf7505b9f617fcf094a6a1e89634e5d5ae6734f1f2727b06db240b5df470bf8d6502d84f8da9039c109b8ad093ed7c075ddca2c11c1a1702274d2944692629d10188fd033784ae59552a509173e7981d65ba6a26f3ac0fffb9123fe6dfb2a9f344a7e3a6a652565448dedd9c6e454893367d6b9503b8bebbf88199a86d21c1756a7693987c997e92beda06f74277a286060a8c4e1a2c77d644c1de96770a8cccab9796ab6c5dafa3ac73b31bfbfe708077ff2dd0cf48534224833d029f4049acc53b4d640b5159218c406e87c91d1a1801fbd6d895b831988225e3bbbc8bffff3e779e5d20a5ec9e3a10fde855f2953f4320ada2029f89e21ce1c69eadee451bb2dd56c4588ada311c56cc63146298a4140de78849e47683cf29eef9583e08e5290bbf32e869f3b6a97d7df0a7edf74153d39aa0fe77c7eaeb0b3383472db4e95653157cecd337eb8c0f77f5271f9fed7a9eccaa8568bf4e486f957ffe725b2571d2e817e53e0b02d715b30c0bbee1860c78a4f689bb8be94a5e00c67659597ce9e63c3785c38f2110e7cf00e26fb7c6a9160539004c820b48aa95e8ff676689db6f85ad15ed794eb4dfefbfddfe6ddd931a4133173b9c6fff5f9a3ccae36f050cc9e6eb2ba286c3bb40db10ea396696eac93b632ac95aebde5cd0e5594591a494a2349d028faf23902e375257a6b255ca7da55a0ccc336905fff1973e05ffc41fbd4e2f7caef9b2ac19f0073ef2de3ffda68de57999ad013f7ddc2dadc02a7cfae313a3ec0aefd230cddb688ad36594b5acce51b9ceeaf31b65ce5f1f53dfca3e0203f5adcce7d855e86e31c7ec7a2db4df47c0b7fd1c7cbfa588e17796d6892de1ffe34ef7e68126d34eb2d58df146ca6b69acaa0a460ff1ecd7d7d9aceb4c29c6ff2cb3b9fe7b1e24b48abcdc58bab7cf1ab2739b758a31cfa4c056576a42536671b5476f5b06dff38daa5c49b2d56963b343b29ce714d2d3ba091a4acb53bb49294c0687af3390263ae53dbea9acd86ab8e179ec076d16a762a193c7e9295ef69bee54d05f8a7761f3c3031e2ff6b552c047db7ec23aed779e6c9d33cffea1c9363fd4cee1c4179798eb64fb3da88b8f45c83239fdbc34f9cbb9b47ec6e0ef9558a7970414aaa12d2ac4d166f60db6bd05ca6229a091db2431c7eb24e64846c748cc535471429b00a31c2688ff0d80ecd83439a8124e1e5cf9ee1170ebdc6a3032fa35a0d2e4fd778e2ab2799595867677f850fddbf9d0fbc6b82dd7b2bd436daccadb798ba7d3b95917ea2b53596179b6c36b2ee764b201561238a598f62626bc9791e3db91cbe36d782216f72c8b69e6f01ac04f222f466da7ded78b6fa3d053c6eae8a4eb3fbb51fe4ca533b68375a2c3c7799e4728c1f259c7ee63407f66f63e8d6ed0ccfece2e81fbdca0347f7f0a9877f04596fa03a57589275745c45374aa8384061f1a226f9561ddda993a998d2ae5e6eefef657cfa04ffcfef5d221edcc9667e802813d6eb190baf65b42f5a3ea7844ad567efd43cbf7edf0bdc9e9f235bdfe4cca9253ef7c4715aad98bd633dbcf7be5186870b0064154769de6373768d57be7e9afb3e743be3f7dec2d29526cb2b11692274324bad13d14a531c500c02fac21c5aa9eb40edb2c3bdc911db1a5ed9b5d92ab1e9fd3efa87817ff9bdb0fca64af07bc3de7fb4e7eec9fbcabbc6b9fcca45a2c506f73d348869585666ebf40ef630be6b1bb256443d1133be54e6aedff83803077653aaf451eaefa550c991f31526ed603a0dbca4852908fec11edc6d15967beb9c7efe251aaf9f63c32bf3dcc03eaea4c39cffc606cbdfb624d38ed6858bc4ab2b1c1ee8f0cf8e1c65bfb94cba5ae7fcb9153ef7c5d771a965ff8e5ede75c7108303799c15ac15e6e7da2c2d47c4b1e5fc851546770f3330d64716c75c995e636d2366a5dda69d75b56ad1f3e8cbe5d1aa5bebc5ff476adf784db6a4b7bb089c0889b35a6b6fe72d59e94f8eb3d1fa6e797ed3007e18bc5db9be9f3dfce1bbf7d5afac71e9e5190e1c2ad33318d269672ccc35a92d6f72cb5dbbd836be8dc28a46adc09edd0fe06506bf12120c14f0cb017ed1235730f89e05dda13192b0eaafb178f638d37ff1755a73358ac0517f98679bdb692f6c279bd9c0773eb42dd9dc8b7ce8d02cbff6a10576a5d3c4cb1b9c38bec0579e3a8db28e83537ddc76a09f9e6a8038c139d8d84899996991a68e38b55c9c5f67b5d9e6c803fb7059caca7c8d3397d6e8a4192845c9f7e9097318a5afaa5e806bced51bced89614d305b8dbf022a4ce6294aa1adf5f792d5bfdae2b2e6f9a8a3ecc8ed2d8ad132326304cbf328bc431f97c776073df6048a1e4b3b4b0ceb16f9ce2ee8fddc3de8feda5e43650ed06368d214b204b90344565092a4df025a2b63ecb99d75ec53637a1d5c4cf122c3e81f2598e35b250c7f81adf1b41e351aac4fcdc8ff7f363f737e8ed2c122dacf3fa6bf33cfdcc198c150eedeb676a67955ca8b15997f9496259586cd389bab3a63327b4c5f2fcb36778f8d821b60d97e81bab82e9c6a52b41403908ba927bd5f1e28da896bb1e6cae3ea63bf054bad2eeba0b416ba53efda970ffe7fe243e7df6bbe1fb4dbbeb4acf5861c71d3f78a477e9f40c974fad52ccebaeea4b1dd5de1c7d8379448417be768cc5e3b314077ca67e6a07aeb388accce396e6708bb3c8c2345c9985b52b98e6066bb36790a54582469d5c16134a468e0ca30dab92db5a080105e3b36f6093dffbe167f81f7f609abef612adcbcb7cf399737ce5ab27e8c9fbdc75db10fbf6543106d2cc91648e28b22c2cb4a9d562c4755fafb562da59463bc978f2a96354067a2996f3f89e612057a027cc116883afcdb52c9248571338b92ac5724db2dd9b7eb62652b3b520ac1c344efdecf7315cfc6ef87e5324f8d77a77554726fb7f289ff7864fcf6fd068468441953476181f8cd18c8c16989d6db25e6bf2ea374ed133d243712a40ee76a4dfacc35a03e2b4db9aa5b606897a8a4e6d9e5c1663a4dbc177b5f6baad0222020cc278b5c57bf6cdf323f79e616fff32f1fc0ab50b4bbcf8dc255e3a7a89edc325a6b657e8efcf91a55773badd14d1da5accda6abc551deb586b4434a394184b9384f9d53ac6f3f03d435f2e0f5a910b0ca55c48e0192e2e6dbc4925bbebbc66aebec6f52afbcdef114508f278bfd7f704d9d293fc1d0789df70803f73df7d79f1e24f9627ab3fe13aadf285b91a1d2c284813879f7575d8f0488181a11c33332dcebc36c3ae03a3ec2ef8f87b87d1d532eebcc25deec07c048d0c9d811e0c2069108ac52018ba83990c8a66a1c8e458c88377a67cf0e11738b263996ad0a673698995b38b7ceb99b35c38bfc4de891e26c74b944b3ececa353509d06aa52c2d774833214e2debcd844627ed4aafcb4871b49b11228ad0f3182ce5c16a42cfa095be06d455a97dc3d67679d3fdff1b7be1ee7b1d99bb3aee5821820235254a7ef283ec38f645a6affc5df87fe325b8d4d957f2bc5fed1f2e4eb824569717ea6897915921492c61e61001e3290eded2c7f252446dadc1d16f9e6168ac4ad93afcc17efc77f7237739685924b2483b45058a5d238f2151777aac097c6c31c0ab9631fdbddc5b2a51aef8f41467718d16ed4b2b2c5f58e24b5f3acefaca267bc62b4c8e97f17ddd8d443910a550029d286579796beb9364d436633a8965b5dda191a494b58f728a7e09c109bed6f4144292f80d49ccacc33ab926a17015c8ab5b26756d115cf5a653b735497eeb86125beff344f850c1e4bf84e58ffe2eecbfe10087da7f7fa5e2ef29f61755a3d6a0b6dca294377462471259b2ac6b9f1045b91c70fbe17e5e7bbdc689572f53ae1678f843b761eb9be079e87c0e9dcfa34a3eaa6a402b467ee0c8f5dc03eb109be1929462b4899b6bd3dc6cd3da68333dbdc697bf72829e82cf6d7bfbe9e909bb6534e91b4572e2208a1cb55a4cbb63d96ca5d49a11ad24a516c5f89e62ef680ffbb7f7d29b0b5898eff66d8815a05bb0703532d58ab337ab5bb82e7a755582bbf638134be2321c0a5f19d4d545d0055e09521225ff1df09ff83b14e4dd7080b5929df96a4ef58df4b07471839d6119937334ea299d9e8c62da554722ddbf434305a67659ce5dacf3fc37cfe0051eb71e99a47fb0844409596df30dc375b59242ae3a32745b495c3756284e585f6f3337bfc199b34bcc5e5e6172b0c4e8709142dee09c60afdb9f228a28b26cd4131acd94cd56ca5a33a695248816f68c553934d5cfd464859e4a885660750c385c6aaf6d7be89e12ed38bdce6306774d72052b42e63212b1a4ae3be8412b4d4ef9d74695bbab05035cf3096e39426fe528ebf5bf2dff6f7cfba863d2f821a0b04dc7bbef1c21f1632e9cadb3514fc89702c2dcd5d3109482d1d122696ab930dde05b4f9de0c2d92b8c6f1f60db580ffd83650ac58030f0f0bcee1d1b7090594b9a64b45b31cd46ccfa7a9ba5e54de61736a8d55a147dcd9ef12a837d393c4f93655b0e99005b5295c4965a3d61bd1ed368a76c74ba9d8093db4aecdfd9cb8eb1327dd5706b7456773fdb3f5cc0594ba79360dd962610c89ca393a6d79e7701eadad8c8a5c42e23137bed464a1e8610efdacd46ae9e537739a8ad60882b058487816ffc6df97f43017e18bc2c71079df6b0169a2b6d0eddd387d38ecd7aca6a2d210c23cae58030efa1743700ef798af1b112a038756183e94bcbccceac11e47cfcc0e07906b555a578558ac58175429639526b49928c4e9c52ca05ec1ca9b06db04021ef016acb2cb025b9dd5c6d1c596af598e55a87569cd14e33fa2a21771f1a62625b8962de431b755dbeb77b8d3ae71175223acd88adfbed80409458522bd7528602642ea3616312b1b8aef7044ae3630895e956a148f7a621571db2abb6598014d102fffc5e46569ee7cadf6a38cb0d05f8eef2cefba2b6dd91e193a542da4928f595f04b21f7bf6f9ca7bf32436d23214d219fcf08020f2fd0dd52534f313e5e426bcd859906ebcd84b81971b5eaf82ad3aeae7401e876caa35477abb273b8c2ced10a85bc8fd2905dd5c7ee0d07264985cd66caea464cbdd5edb6af5602eedf3dccee1d558240736d94caf552bf75ec0c45bbdebc363c58b6ec6a334e493277cd838e5d4adb25c4ce5e1b33bc75170a7c6dba7783b92ab5a2ae4b3d769db4144b536225f0b0c0bf3942ff2f1d65edccd54bffebe88601fc0930795f7facd3c9b4538634b268e5b099c313a17fb4ccfd0f8df3edafcfb1d94cc9ac4718087ea0319e466fd5120f0de6f13ccdf47c93a55a87c4ca7f9591d9e2090a28843efd951c23fd05faca21bedfb5b5d8eb2442843413da51d655c9cd98d43a2a659fbd3baa4c4d562915fd2e8059f743573fdb3d985cdb278bd6e4c200759dfd4d33a19d66d76ab3629792384b26ee1ab85a190265f095e99e3cd781ba751887108b259294880cdbddc41950efd198ffe10e4abff90acd95bf09871b06f007eeb97d8ad83ddc8eac4a45d1a8b5ba13cf3347165b4ce8333c59e58e7b325e3bba4ca39992868620d584a1e9969c2a85d28a4ac967cf8e2ad572c0a58506cd4e7a6daf8a12945214428fbe72c8706f814a29d8aa47a6ab8eaf93fa24131aed8c662ba515a5343a298582c7c15d3d4c8d57e8efcda194c259b906d8d5cf761ff026b0c39e0241e063d3ecda5e36ca2c5162af45a944ba37eeeacea81494d21814660b5cb9ee7baf1ec68aa329091d49c9706f12534172a03ead299c80e6efff4d38dc30804b81f78817ca76e37b10e468ae7748624b963a68a504aa5b1437b1bb171178e1b905e296a390797462210c0cb9d070d5d5f0b46264204fa514b0bc1eb3ba1191658e42dea7b7145229fae4731e9eee3a29762b7ce4b6546a145b1aed94463b254dbb12d64e520eeeeae3e0542fbde510cfebc68eaf77beae3a3957397c7dd200408c862cc3651691ffb7bd338d95ecb8eefbafea2ebdf7db66de0c67868bc811499314654594494689a44089b76cca07010eec40468c388af32541a00ff92409016c64531201469c38802d27ca073356e2255062c59614d996225996495124c57548ce7096b7f5ebedae55271feaaefdde902139b2624045bee9ee7bbbefad5bff3ae7fccfa95355eebecb242f12e91ce0bef2f0942610aa7d4f2b5fb8f483696ba544729605b8cd527402056c087ce43cc3479e7d1529fe8e00fc8b0fde7f4e637fd85a19af6d0e186e8eb9f4d465f67697d87c8324cb4897393af008ba3ee76e5b23f0345ffcd2cb5cbc16311a04049ec6f7149d8e4f27f4f03c675b3bbec7cd2707dcb23dac1e18116c11a44f53c188c5184833cb22ce58c6863433e456488d254738b5d9e307df7633676e1a90c7061121378d062f5a5d15f6b092dc0218803c87a5cd31598a768c89cc580ea3146b8b149e15c9ac25f5e8b9b2430842e6f6496cb5eb8a0a57a06e1dd1fbdb30ffa7d7c3e23b01b0ea28ff1d22f27644292ff058db1cf1747c814b7b0b92d8e2fb8e8c9059d26586d28a61dfe73d0f9fe34b5fb9ccc5cb737c4fd3ebf874020fdff308034de03bd5adcb2112554b81b1608cb3ad596e4933eb00cd2da931a4b9c1089cd8e872cfed9bdc797e83f17a973cb5c4266bb0eaaa351bea58707e6979c2bdec1da4702a47acc50b14284594e62cb3cccd78282fd30c53b2c21d5805dbbdcf57e05db5cfa524e7d887a1d8c9ef9872c301fee483e7474aabf7613963c52aed79f4863d9651c24e1273e18529e76e1e1204bab66b85dbd2ebf93cfcc029bef554c893cf1f70e520c2f734bea7f18a575f7b78c5842e55aabb62a0dc880b0f3a493524b921cd9d6fbdd60fb9fbec1af7deb5c9f6e90141d74344584c13f22a49551a2ab87c75e0d250a51476f5da4e4c7072815527d001282d1c2c238c6da8dd23912c56809263870d4d25cfd52d8fbc370829f94db7c1e8021c9bda73c3015e93c16925f687acc5b380dfefe2873e078b88c81a9e78fa000f61300a198e423c5f170de67edfebfbbcedde2dd646218f7f7b9fcbfb1171ee48861227250ab705616526a11ab1b1e5509c756466b3dfe1ecd690db6f1e73eedc908ded9e5b1dc7c2729691c4f5e6552d701b51a41a5c55d5358e73a6f38cf8f91de287ceb2b6d947fc298751ba026e993d5947b11cc0f584b415a9c4603125316cb46dbb63282c390619798c4fc0f44f0660abf55ff184bb8d88b2a2189ddc244b73b279cacc665c3d4838b39f124586fddd88e1a8c3601812049e5bc50f47a8de72eb98b5518727be7dc0c59d25b365466aa56a340766dd6065d19eb3d36bbd0edb6b7dce9ce8b3bddde7c4768fc12804a530b9102f331693b4226340434dd7b3c9a46173a5084e582bec4f52e2d4b273798a289f8d5363a47bb918092adaa294cc86d4562349053396c6f9b20e39d292dfd5d7d2a52a08586031fdebe1714301fec4b9733d6df95b16b45b3749186cae912c1324cef1d1582c8b658ea71561a8399ca4cc6739a371c86018a05439614bb1b6d6e19ebb3619f6432eed2c3998252c53436a0c653b6aa59c0ad79ad077233aeb830e1ba30e6be390adcd2e6b1b5dba7db70b8aa46e107f314dc9b366d0a2d9d852a9e1f244d3fc26a96136cf11abc8f29ce934e364b7cbd9b303f8a3159b5b31f19a405dcf16539c772a5a568e97c5f9153505d39e40ef7a98dc5080bba74fbe1be45e635d2dac85e1d698789990253967c63d4c6a99cc52148ab5b5104f439e590e27095a2b1797ae98ab30e8fbbce5b611a351c8e56b4b760e6292dc1689e6ce1607be66d80ddcdfc0673cead0effb74bb3ea3f50e9dbe4b348fa38c689155a35815235e01b0657f459124394962e80f42149ae94c582e2d4a29e265ca2b170fb9e9be0d6e3e37426bc84d95020b4d608596ad9595f74d157dbcfd2d172c6d4ab8d201ba733d4c6e18c0ef03bfabf809b1f82e265b3c9812e2798cc90de736fb4ca609bb8709bee7e1fb9ad130005c18713ecff003ef484307bec7f6c91e6b6b1d4e4d120e26298b658e00ddd067d0f3e9753c7a3d07aae7b900496f1010763ca2454ebccc49d31c931784a9750fa986e64c2e68af5c970fc46a16cb80dd7dc5381a63accfc52b19563c7abd397bcb054f5fb8cc030f9c6138ea7262abc72b57975587b18a861d6e749ea2ddca41ffb238806be96d835b7ea79670e5b602b92e8e370ce00fbefd9d0f296bde638a312e2ba0439fd1d63a17be75014f29babe6673d4e5a56b7376a7310ae8757d3c5f23224451ce7028d5b388d4aa5280c0d76c6ff538b9d5bb8ee4153ba4585781c53463769014e9a9aabe262bc016bf3546f1c27373bc206073738b2ceb9265015614cb78862664321776a6428a47329b722d8d78f1e55d0e634bd009397ffb1a17af2c6ae9b43580d2bc3f4d006b7befd4b3292c74096a1dca2ca5d7560b8e6b1530f060ef585c6e08c01fe39e30d4f90f5acba9323c6705c65bebf4861d4c6ed122689c3a1df5030ee609a1ef319867acaf85aeb75b459a5a3caf9e38dd0645ad00bac27c691024811c53a9fb52ddb6884dd54114691610475dbac30df60f13d29d805e27a8e87a27ecb148e1a583297bd921333347989349cea5ab7bec4c96dc32e873f3d901d6ab4d40b94f71cda2cb7ab61972b57d0f6ef1fff6f112dcda852acf683c1532bc6efaf30d01787c4ff71691fc61819e1155cccd11c627d65c25ac14e99b0aa561d80f99c5393b8731c39e5b6228f05d1dd3c41076dcfb1a3cd592b8b234016e03d9264c75c768faa7d4200ba4a9623aef61ad0bb058b1c5e8931b868c6278653ae5a5e432b18d112c192906617f6fce2baf1c70fefed38c47016be3809dfd94ba2235d4c791a6e2c9b008316578b204b63c2b856a2eadaffb9d4fb7e3d3d9be1e363704e02c5ede9fa9e06d81a7eb043381f1f60618218b12b0ce3f15818eef31ee85ec4c132e1f440c7a21eb6337e09665162fd048e56dd4d12a2801adc9517daca96e4be96c2fa1d0f872fb3b22f85e8ca71392b4879bbeaf59c6963876fb35ccb2980bf12bccedbcd8f9cc202a478b26cf0c179ebfc29fff81dbb136e7e4468f9dbdb4f008eacdb59a525b59d002d8949c888c1497b62315e4d200b9b6c365e930d020e191134579d300ff24ebeb2f5f59bcbf1b7adb835ea0fa854dd54ab17e7a1393e72ca76ea94563eb865e1b748852c3649172653fa2d7f1e8849a2cb304f90a096a92229ab679858936f29dca6f8b2810dbba5e135cb135c14af388836940968b4b7a17a78952c9b9985ce1c0b84c190f8f0e9abc001ae0896fbdcc956b878cd747bcf5d64d9e797e5145b456d5b240b1679a252127298602c1a5f564e435476ed9e15aed2b14217d7c7ac8aba4b7bf69807b9df1662ef2e034cad42472bd36d09ad1b84767d4278d12a6b38834177ced2a584adfc6b0cb619cb3374b38b1d621083a288bcb4d2e174729d5721320da80d6c0d5bd40808acd4bc156cbc4f3e2d51aa77e6d11c79ecc32a6cb144f79e872901fcb243f64620f7173f46b3f540346099e68ae5c3c204a84db6ebd89cd0b1306039fc3595648a0aa6c67b98f785e6cb8230d289b45b53eab0a5e832520a0c3809011c56215ddebe1f3a60136928522de6662f3caf4c7c6d0efaea1038f681e71f960c9a5c99241e8d30b3c42cf73c109a5f03dc522cdb83689190d4254e0d26e946ab82aa5bda409b03a0a682189d6e2729c0bf0dc749006c095ca56186b59c63959ee469b8cf4f19457f9ab9189d9cd27a492516e9ee11a5ad127c413b7017496599e7fee2a77bff73c6be390f130e06096164b6f669594e6347ddc5a7d979f9bfeaf03b5266a1a854797903e5d86283c14d255f8b7c03b03f8fa91a51fde34c036350736d45f03751ba04c4164465b03a2450449c4ce6cc195e51215c156d045ab621556dce0b815616f9e70729eb2b9d625cf05ad9bc36daa0162c3dd1169b84682a924b2f6756b754cf1bba3a1c74ee011789a9e82c922213510ea108be55a7a4064a31550702972a208a1d8814178f48f5fe0033ffa76d637fa8c86010224e4cc498a5c6728d56c5956c9561b7255c1ebd3a1c398805e715c1767bd10f4dd0f136e7f192eade2f3a6e726fd07ae5d35563e294a7d03b0aab8edad779c613ceeb37be91a93454c2286c81aa6794e9a5ba2ccb0c80ca688d71ec629177723d20c32e3021fb97151216384dc0826076b2c79ee527ff25c48534b141be2c492658235a56a56f51f38962d3561abd26c45e1694d9a1b26f3252746737abe26939ccbc92e333b27a7148ca62c695242749157a5503cfecd974872617d7b83f57107ab84197103dcfa1a47c16d425b676d29c027a0c73a2103346e6f625dc8b3422b50f729d4bdc7e17343269f3d9ebff2552bfa93225c458117786c9fde60e3e41ab3c99cd922ad545e6c730c65b67f4d428c85dd45ccee618c29e6e31a23d5dc5c5b029dbb685396b93f639bd9174d09afebd7245f6d365ebb53bd4ec8d668402784444db992ee72901f6268ec6ba4daee4e8e87c1ab9a3c4d0ccf3e7785b0dfa3d7f788bdb4a572abfb711cb8757baccab125236182214115f69c6a87340039a550b773cc74e01b02f0d7219b65c967164a7f1e948cd7066c9e1ce3690f31421467957dceb16452c2db66968b34e7f264c9e13c256f815b006edd9f356db2558d1996cdb4c298cbf7d5375668ad118832cbee3ce285fd091716fb1ce487e4642dde5a26c7b102b242e1a351c0c597f7f1021f1d58acb63481a2715b8af668825b9e6dc25bee83e6403e20272523adaee2821d742dfaaef33c786406e20d0b55fe06bbb3fbb3533f7757a0efdfdc1adfbbb9355636cf891631a6212d56201583af740daed420efce2302a5399ca7848147e87bad417fddeaed45a31784a949b42ae2ddec08d476d98a9b737418a74ce394659a11e786c8080be9179bd2b9c60df051450091aa5915cea971f2e41512359bc5887609f94ab5e16dba4c47813d5a4a701d6b172c09965d3cc634af2ca034dc39c21fe2f657adca0d1d4d7a8cab8f9f95331f3e7bfef4a7b64f6fdc9ecd176a6fb2c0579abca0c21648c5128aad86066d1d5d6499e55c99456c6416afb17a5c19245180d6ba58a2d79135ad957b55ba488677d91e22ce8a196bb1e25279a2cc126739719e93194b26e6c8d09c4f4e4a58b92600214135401760f04908c828c787340a1f9f459490e5a64835d2d443074d709b9b0cad9652829b1e7019f8106216804117f0877409f09542ce07a8e1ead56ef880ff5ffb9bef7fe6dd0fddf6f55e2fbc7dbabfc7e13445a3d1ca5612958b8bb7faa8b6b4158f37cf334cecd6b8f054b16963418c4a5266c53db8af5c535492593d83d99e00000e03494441545ca9b54cc2ca2b14440b0ab252a7d558141e9a4e71258b2127a78b8fc2a23194baa7549265fd730c8b24c26439c37e07add575c13d5aca0064db032e8bd7fa9d21401130a8eeaf6153b04706fe6f38c03ffc236fdf1cf7f47d2024f33907d3080578387fb174fa73b1ce8b6b3410d4d23acf52965986af5c7e34d4b3e2add4e3aabe72b3f142e513285da64f514fd15c1daaab439ab5baaf3b9a02ba2aad35479118136268faa92521727951860c4344469ca674ba1dfabd4e9dbc50b54ef3733b17451aff35ac7e834bd7eda330244cf1e9a20a081574bc63c6856f38c05bfde043dd50df618d51e96cce6416a31478e2e88055ce77cd44f0a90370f55fcd720d6e5a65bb2154314bcf7ddbed2865d02a43a3e8688f8ef2f18ba4f27a80bdbe6e791fdbfa5c5ebf666605812128d60ea0f89edb9a2e2f80b54527b0645844436fd8c5f31556d92294d98e4597f76f7716d5b8a71412bb1a08a1a0748a9c8894395dd60bd04579e44784ff86002cbffaabdebe79f94c96653f932d171fe906432f3e38245ea4bc701011a210e51a4b5b9773948b1bb4f6cad5d0cb076f10b2faf18b631560b6f51dc1e5420b10190392a02bc9f608aa66816ac850a4d21ee55dcaec4681c6ab1449702ec49836c28b5248af6d1d5328cf270c7d4449b10f78334cd2f688cbe3e50ec2a5877b3d65ad1baa3ae180906111214b544ad22f2e530dd5bc69802f7eea67b7a2eed5f70d087f12f1debfbf73e0050893172ff1f2ee846f6419e7d16c024a94e3a3e29ac428a96ad3f24ba1d184aa06a582bc76124a4928ddb052528d08b9e444b8e5973de5a68f78c534318afad4d25482590ea8bbf7257ceebeaa054a2139ad638e042a3ccf2bc221cec6dbaa8e6d99acc2152d657c3d4bdc2e164bc47e3140b10877b03f05a76e077b11cccbe0edbd61801ffd957f3eb863dc7938d0f2214fcb7b14eaac88d6d32bd788b284c9fe219f79ec250e25e56934e755c0093c348e5cb9cc418b95b289da125b03d81e2f75eb2a174048e9a2944e4a9b0d43ed4539fbed7ed92c2ded411ba8f6d5dae042cd9c6d25a5e220d59a20f08ac5628a0ddb5bb5abf971ad88af2fb5af56326664ee99fc14f563a03e007a07d445503baf1be0c77ffe63c3b12f7f711c981fef7af22e949c55e0c5f3b9da7ff1127b175e46f91e9ffec64b7ce6f18b20305396a724e52e3a6c2b176c33385b6c10b7cc1f47dd0647a66c151cc98bb85249d46ab9320468c202e823366fc5ce426d8359394eeb5813eee34b091e38f3e1a1515a13141e4099e850c2da1efee398f7afaf4861af2da2621205d207752ba85b40bfb68a7efc631f0b6f7bc7fa86c9cd5b34fa877a81f7a168b9bcd518a34d96912e230e5fb9c2ecea2eb345cc1fbe3ce1bf3cb9c31f5d3a70f442f9089625c2a3c4dc45c819e5d115af6af4d27e8a9206b972f6ab1c29add568a9f0cac7030a1b9963f1d1f8786855b2e326d8ab2afe7870db47579970bbb46daa2368d60a7996a32ce882a029daddab7d85d70770ddb1a934da1e995bbda8beb6a2e2d82be5a31ffda8fef0ad9dadb5f5de7990873cc5bbbb81f76795625bc478799a121dce58c609d32b3bc471c2858388cf3fbfc7238fbdc234b12815e0532b5c8bc14ace3392b2c4e766e5d3937269821268aac0434e4d5ada1cba7c574b57d5518a2e60b078e255f6b66967afd7ccc71f7d7570cb734d39cff39ce52262d0755358ebabdc288975cf92e3042046989133c5622ade5fde6305e04f3cfc70ef277efa6f3c305e0b1f524adea914f768a5ee54482882cad38cd9b55d762e5d253e9c1128b8364ff9dcb37b7ce1f93d9eda59909a7662892a2449890b0f64225c54390bb1dc86cf7a151f9756e773e46b7574b47ec8a30feeecb246179dc275141fbfe58abdfa359ae5b5c16dfece7d5b93a5864eb7c3783cc0f7df3890d72b319609394b2c2990a2b07850399ded78790be0117cfc7f7fe6731f3c7fdf5bb6eeb8ef2d83feb0a744accae294c32b3bccaeed10cf97cce74b2c9a2f5c9af2e9475fe1a549c22273e445a986cc94c4460cb6e1cfe608bb18e6586e5701a7f0415cdf0bf11a6cb606ce363e378957ddc4ed115b27cb164b56807cb4831c559d35b95bfd6e59d4ca71a9e02de45469fac33eb3d0a3df797d6bbdca917f55a37e8a43722e939202960068facae553abc6e564b705700abfbbb733fba9c32f3e3a7aee5b17f8fe87ee46a70be67b076eeb54818b93883f78f180cf3eb7c7b3fb519173dc74349aff152b71362a5946770022842725e52a869bf11929af0803aa8a155b512dab6b01bf52b74d6b5cffd5f36ccb27b58564535ca3d9359abf6fbb4dae73b5e7ed3639b846d129888c577c36c6e2796e0daf51376837f9754b1d158bb01c62981663598ea92b0ce0c6e49c18b83bae5e5995c0e6a05e003ede02f80b5ffef2e7defdae071f1b2bde3bd99daaaffdced7f9bef35b928be5e22c9147af4ce5379fba2c4f5c9b93b915332d4a9438e7331124d2e81cc40715013317f2555a215d51f441941295083244b16e85600fc34c59b6f1d8c6a35706111b2abbdd3fddbf79a1a632840ca7194c432e6b409d556f06312c82282a5a52c6b1cb73addb17f7ac8e36fc250d74d0f4d074d1ecc6310a459a593606d74d766c419b212c304c311c520f7e50d4b5de48c96bfc5df78a11f079b0ff1aae7db105f02360dea7f9f954786ba83813c7868bd3746f9aa6fff5f32f5c7be5379fba9aef2d73b188a760021221121491e6038b2c0c36f711dfa02385940bdd6b1fe98ae8bef34c5522a8752dfe5f578aef03e9a6c8f645ece60156afa1198b2ef2174a301d9071f1972024585225e49433f26a0557ad6ab1aab74b657d6ce73ff6c3cad1462e5801c012cbb218607c299e93e71922c2a9137d0ec9e9a2092a9fb7b6ed066142ce949c25428e428ab047d3576ebebe5a066551fe0fe41f81bda7017384457fe542f4d9ed0d0678ea672e2db3d1fea5c35f5cf3b3fff4c8b3cfce693757395656ac465677b4e3a69a1fb39d97329cfa62476408e209f25eadf53f5922a723b1ec2a8387418b88202e1952614bdb5c8c316ba0dc79b82df4a8d6cbeae1375a9ae01e570ea398f97449a71370cbe9319748d0805fa8f36e31c49214ae638ac6e017bca299a5d1d6564759c6b1b59b82f938ec3d591e3902f07fbcfad882ab7c0af8340ebce4359ef9752d6fdbac0d5cbd96c05ec8d65b95f6ff02e80dad04f0c89d2149407ed788f96739e925245f822aee270abc31126cfa98bec09656c14f6bc5fb0529a61a17d6b44ccb6c7581066b57ff6fa81f0faeb48058c62907b3255b1bebdc7162ccc620e0da222341581406a00c5036556d3d7e746c431d217fab35c369d47f00bb5f6c9e79b54047ceb18277634bc8e9bb95924f80fa734a4958c49705e112cafe7a22e6e760ef48b660512ebb8a0e4ffa7af8f751dcafa09c478e1b6391ba5d1a64b0a652d56acd2ea1401d2f256d709d1a3d0e6e23218928c27e175fc3bb6f39cd7f7bf22a4d555bcf7880d750082d2e719d6f081083fc67887f6bf5ec7765efc27691fb50ea3d4ab9e46d11b1084f59b1ff2693e411387c8d1dc0b6ce063af8874af1e3c089ba4554f17f0328557e2ae63e2941a4a25ca84ac2dae18ba3925bca9307aa2d7971265c9d2cb8f3a60d3c3fe02fdd7e92df79fe80796a5bd774cfdabce6f5a5f7354a0afc4fc8ff2d4cf7574f7e57f62e6c164377e2899e28180b588bfc9212fb0b293bbf01c9ecd57fbd794fe075fe9d527c00d86869cbd750bba5eaaee3c3daad15e99628a34aab9136d84d67cc29b8b60ba895e2cfdc719a07ee3a4b3c9f132ce7ecc539dfde59546b75b874a2666d8eafebabdb3e115029c82f41fc71983cc331fde1c6875ade7809e0e416ec1c02afb94172c0c9ef579ef7b30af53611eb3b175539b71555524d69346557503e48e0de8b027143b0548e58ab3d9c192f432d9543559c5bb58a0af050cae7c7defb363ef9f77e84be86e77fef6b5cdb9ff16b4f5ee5f3170ed8893296a975ab14d434408019a818649fbad28d9b8a71803205ae82fc1ee45f82fd575d94f4ff27805f67d9b8c5c7bf15545fa00f3a561081cd4017a6470998ac787313e8a146d6dc7bd1820c814d85ea0343900e4aad292414d4085143947441b9a88288b255e8a39c80ddb69202dcb6bdc9bffc3b3fca5ffe81bb585cdde5cab79fe760f780a5119ed859f2d261ccd545ca619cb3c80ca911dbf5bdaf99c43e96a4e9afffc1eef459d039e4894b914020cea11bc36e440dfc6b963fc500bfa9521a4e1fd6fbe0f7400dc074c05ff3b1a1c008f486c00990130a75a7c03b50ea0c48e886a9aad1666ae266d14af1defb6ee35ffdddbfca3de74e30db9bb077e90a368a48a70b4c966305126389b29ccc58c97339dcdb595e4923f3686eedbff8f057bffa8737ea41bf57ae5f8a4e4008db43309bc059d0b768d49d0a1e1078174efa75adb82d81161e78eb4dfcf23ffa20378d3ae4694eb7eb162dcd93942c4e306986cd0dd65aae5d3ee089475f2449d2c4a2fffd64befcc71f79ecb137bce35959beeb24eb4f4171cb35b35840b40bd1f3b0fc86b0f85fc2e25784e01704fd3f04795ca1a76eb8455b2b9e7f716fa91ff9d2132acb0c379d5c636d3ca0dfefd1edf7e88f470c36d6186e6d303ab1890a022e3e77993cc93c01f1bce0f7fffba54b57df6ce5bf07f09b2e710ccb1761f96561f16bd0ff6d816f28b820a8c93ccea2df7fea92fdcad3973b57260b9d64b9b256e8f86e466319a70a3b217b570f98eccdd422b7de97776717be79602f4314f1c68349df53d1dfc1e2c3d629e02c78e780073dd483b76eaf9dbf657b6dfbdcd6d03fbb3552379f18b139ea31ea87c4874b9ef9e3e778e6f281fded8b872f5c8ad227806f82fd2cec7c158a2ce1d751be07f09f4c517062086603fc4de0bc46dddb0983f3834e702e08bc93a1a73ded69d2289528ca968769b6675033b05f85fcb760ffdb5c6745d9572bff17c6beff92fc7de5750000000049454e44ae426082);
INSERT INTO `trophies` (`trid`, `trname`, `trimg`) VALUES
(2, 'Sárkányok Királya', 0x89504e470d0a1a0a0000000d4948445200000078000000780806000000396436d2000000097048597300002e2300002e230178a53f760000200049444154789cecbd77b4654779e6fdabaa9d4ebe39f5eddc2d752ba756028404b62cc0e0012c86b18d071c840d039e5936b6073c6eb531c908b0b10183c106331e6398c120a244908484722baba5ceb7c3cde1e4b363557d7f9cab8804421d64f8f4ac75d6bdeba45dbb9ebdabdef779c381e7f13c9ec7f3781ecfe3793c8fe7f13c9ec7f3781e8f8378ae0770acf1cdb7edf6d3c1f21f2c45e96bab61f6c5469cffe4951f1f6a3dd7e33a5e709eeb011c6b64f9fcb0c56ed5867c66ac6768dc055cf75c8feb78e1e79ee049bd10997ae1a166a44fec644c2699ac3dd7633a9ef8b927f8fb07762e069dfc075223df61e18b95b9a1079eeb311d4ffcdc13dcdbbb4ec6c60c34aa8b956abdd93b5f473ed7633a9ef8b93fd94227585dcce7dfee39a5f59562ff6b378d164f7faec7743cf1734fb093777f3bd376a33142398e7b16aebdf4d24baf293cd7e33a5ef8b926f8f77fedbe5e25e46fc551aabacf88bc10e2a55e9adff0dc8eecf8e1e79ae0c19ecaaf62ed409464cbcf5821045bb0d926d8fa737dee8fe0393cc9adf2a4933efaa22de77ffa957085fbd37efaa36fdbed5f79f903dee39fbbfc8243b92bcebe73e08ab3ef740184c85eafb59659aa1f7d8f40e45dc73defd52f7d512f6c95979f7de7aacb79e2f77cf46dbbfdeb2ebeeee7c2007dce083ee9a4939df51b56ffaf751b57bf7d686874e54ffbf981dee2eb4b2b2baf7bfc739560e65251511fb465e784775eb1635422ce4c52f3a44f5a01768b4cddbecbb7bc62a8afa27e58bca479e623af5eb7d5069572f1f50f9fb3e185575c71e74f7de1fd47c3737695eed8f160d66c963eb462c540656e6e69f2a7fd7c6a180a30a77df815b7df5c7fb03db56de292c8c9b205a5a8694d21ef1636686173d98f100c0236594ff5f767c297562f69610f03e22d277dac70dfc45d277a83fde784dac6be5ff9995fc67f66b5e8cb2f7fc0fbad53faae9c9b8b36ce1c5ebca7bd38735fc7e6576baffc2689b8bf677dd93381bc7c6ab6ed2c363a24da60ac46095042e8a2551fe937de1a2cbf90eb2cfe7e908b50a303a778e5ca66ebaaeb4de2fdf39f7e6a7dfdb93ecf23c5cf2cc100dffbe0cc2b5b6df1950387aac9e2e2d2a1b8b6441adb35d2a9d8f289c389f19dc2a1d986a835a327136c7bac6a0c67b21864915445f6cac1a2ef16f32399504b9d4ef4dfdffdd9d3fe0d847daecff148f1336d48b45bf55bf2f9815aff60a1afa5f5c6188ba9ce9286fb41f47908079e92222b1c74a562357a288fed2b6c90b980284da857ebfbc250efff7920177ec6092e3155cb18b8bb98775f3ad09ba79366c480f11442fdf8edd328413858824a0ed7554449cad262c3a669b2dfeae4f0f13983638f9f6923e27a2e36c6d85ba510944b3e7d951cd2f530f93e2c5d6d433ccd2614b992a8e883922469c6dc7c95284e326becc4c32d397b1c4fe398e2679ae06ddbb099e60e84344a4afa7af2544a39a490245906d6e23892bea2c70b36f43350f01f353ab4b1586bc932cdf4cc227192016209a126aebffe92ec290e27c7c73f9c1b1cbcb2b8ecb7ff4cd82fcf7a89defd51eb1fd6b51cf5340b17ebe9cbfe7643228efbbe256c1c4decf2827c0b282b29e9ef2bd28e6300acb58cf6e6d9b2ba42d97518efc971d3ee39e69b21461b922463bed6c4eaaef185b5f3c6ea033f7a9ccbd5dab5e7bdda759df7148b839562b178ad89ffe22307a6f4bdb0ed47fdb067052bbef951bc550a376a5615c0397fda77c456fcb32278ebd6adf270b874a6e7c85f1325b7962f0f4eddfcc1eaa11f8afa9c9176b1d7afcc9df256715cd2629453a81b6bf7026702b88e62b0bf8728d3e41ccbd91bfbe92b7bb4aa2923e580b356f672c77e4d3d4a999faf21055d72c15a58b096434f3ec6ead5170e0541e59da5fef113ca3d45260f4cfe7a2c26f5ca95b5771d3ac4d4b319f7d6ad56be30572d156c36e8fa7e9fb1d5219db2ba99ca51eda0acd5f3c0878f606a806749f0b66ddbcc057ff19650a25ee9796a8d05a31c1159ec24c63cd44e1a77dd7255f57e2d9d9d4bf5c6fe576d5bd139d2813e1d741cc72aefec64996000cf731059cc292b4af4561ca23821cd34d65a46ca3e1b06f33c30d5203516b9bcd00ab06017645cf811c24a817d9d0c8aa7af5e3bccaab5055aed442ea5b50bac8d06e1a723f89a3f9a2954868bebad5cda0cea5421dc3332ec4902b9424a5c8bc564e6aea893fec391cd4c17cf7a895e9c9e3d5819eafb4a59e4deeeba4a0a445ec04629c5468b7d25923961d37bfacac1ed3f78ffe20f17eae19daf79dff8e2b33bdae50a7a257c2a7df22b99efc5cad8dd426059de177518b2a22c28e6f3ecdfbdc4d4d23c9db04331c8d35fee65bc27c77cb5c1d4e32e3b8b4d85b5339ffaeed79a4f3e8694fa2c4526dbcd88e94941dc8990c2b495e2a9f6eaa7c4d7df77a0b7a24a2f1052bec088748b409e8aa41f21a4b00804cb3681e9541be1adf3d3f52f3daba97a129e35c1bb864eadaf5f7cf8db5adbd7f6f714563a8fb825160c561863872d5c6aad789196bcbaa72777c777dfbbf84d5baf7de7173ff0cc14a20d2bb68ee7f2ce2b90629d30eaf6fb766ffdf727ef793b1e9c4b4e3d75c53e6bb54518618d2197860cf60e73e0e190edfb7633341c323e3f41bc6f81c94da75159b59995e580a56683c4711f1977470871e8c9df7feaa6bf3815b21bc9965e3f7b5879f3d31e69bb160a137e3349ec4fbc7bbffbdec3fdc6b82f57d27999c69e21b0eb2c78c25a214cd7ca178010026bad5daab767e6179afffe3b9f3965e91911f113f0ac09deb64d980fbcfeaefbeb51f65d6378e3505f41082930168cb1686331d60a63c95bc1c9d6da8dc0c5ba5cdafef56db39ffee5adc3d73cfdb75fec9cbcf1a2cb8574dfa294b3514ab7288473e269a7551eb8ef3e768f8e5e11f4f7af2e0541d873cdc4d523ede02523a7ae3ec90825a46d37191ec8a363970726f672f205bdfcc25923143f3f4d6bd761ee6f6b0e39257243e30c9a0526addb5d9f85e818fb44c2ce3cf3fda73b5a7fc25a6d0d0d4c1cd7b475ef115a7f8b44ffdbc183fff3d104beb1d5ef3ccb26f1e2f4f4870e005cbdd5e6737eedb294ecbf5ac959d6d8518d55c258240229bb7bbf142085002c738bcd6cef64fd16d169ddfc6c7979328e48e8e87ce1cc99855fbef59a463bbd0cc9e8406f81cc745d106d0cda5a8c056b11167c815863ad5821252fb8faddf3dfb571f29e5ff9cb153b1fff9d27adfa5f27ab9cfb4e85f70bc27107a4f2a4909e15cabdd897f167b79c7b9511d2f62044a0a4af0478bbe6f67a2bfa4f50bd65872093f4f617a937531259e5355b4628ee69927d1fbce05436470bcc4def27ee1ba29cf769b5535a810bd6c8663ad77bf6d97f52d9befd0375d82a7d21fe00a5ced1c628692dc6740e68c307e696ea37cece5ed56159275bb972eb29be2ffed53862ef89ebaefcf3bffacd2b40cefe8f50cb4b047610215486150290c2228440595042a094c0533033dfe2ee5d73adb06dfef1aa6f5d181e092f8fc791fa72ea772eba6655a150785fa9e8bdeebcb3c7c4e0609e54431c69e2d092268f928c5dd60d859016ac5188196bf4fbd3fafecfbcee2317869b376c3ddf55eedf2ae59f21a427a50aa4500152b948e95ba18cb5b20122134274ef02218ce8c9f572f6aa17311c048c38296327e4995eacb3ef866bf9ad530cfe172cf6b025ae38ec517773ffaa5eb22dbf4c3b922cee5ae4f0401e6d3a76a1f350da4c16f763ed17a0b48471ffd81833664c26acb1d6628d31f680d1e6c30bcdf6ff3978f0fdd59191f70ef6f48a9bb4d11b0b9ea35f7adad94b2f38f1346b610090d65a01e2d1a55849703d811f48bc40e0ba92c387eadc7ac761b2547ee3afbf7dc12b8fa64caa8eece397bbbb0e1c501bc737f6eacc9e7978ba59c8155c51287a2857e2e4244e5e225d8111dd653bd3a08d15da58690c258bb844e4fb4ff9cf97bc63cfed3b1fba04e1bd5c39b9a2727252ba45d4230faf281caf22a4e30be5ba42ba39a19c40384e40e015e82d0c52343e033d2ec56197a0e0b1e3de5dacfc972f4053e23823cc46079888f7929c7c327a682d5679d40e57d1799f4426a2ade795211b10c279b192c16552b8252985104220ba9042881e012fcd796e5ac95f74a0d057f97b47c90b560f0e89cb2fb8446e1a5b53c8ac2d1a6ba5ee6e510865717312bfa8084a0a2f2751ae406bc3aedd0bdc79cf14496663a3cdefdebe6fcdc1a3436d174748f00e9d7067383678a9c8f9b9d3b5b6e387a7eb12047eceebeec75850a03c819b93389e40380283c5742f5517d426e904176e5e77c25dfba6670bdabaaba55350ca2d21dd32ca2ba3bc22cacde17879a4eba3dc3c8e9b43b9397c2f4f7fa1875ed7676050921f70f03d87168a8599055cb3406bb3605f38c1dcd828f9f32fc2f83dc4a9617ebe8eebfa74544a6816b158940c841481105208bae4761f0810a442c8ef24a9fcbc5b1a7e4325c8bfeeecb5ebdd579e759e28178a180148902eb879495092780589f2044282d6863435b45a090fef9ee7e1dd73c489b602f9958f7de7a20f1d15561f8723241800bb7beadf0f9dbff1774c66cdf9a936a5c56a5bb4db09cd764cab93d00e53c238254a5252adb1c2e20612d797284f223d4f48cf192a95f367f5f755c2f9463c9818df956e05e595509e8ff2baef55be83725da4eba2dc00d7cd31502932522a51920e7dc38a42af4220e8efeb65c22950cf2cf54e4c6ded6a8a2fba184a63845177dbd0069474c97290d1c660912287941e4248a49074490684b442883dc6888f3bb9d10da3bd3dbf7fd1e6137bcf3b6183707d85f4246e4ea002c0b1a45a13c5299d4e4ab315516f462c2eb6999d6d71e06095435335c2244308b500c95bb6effbfcb3124d7e1c8e5a34298bcd37f1b9cc64f6359d38f50ecfd4845febba2042081cd7c1f51c3ccfc1f324bee7e0790adf0ff073e00742b84a0ead5b333a68a4c3f7ef9a25b139a42b919e40bacb0f07a47431cb7bda7031c7a6b10aabfa72148420575168006351aee2acf3cf6276e530712b66305f406b8f763b23e743a92019ee2bd368a6544c8cb7a4996ecc12a5091630c6608d41188131126332b44953e1f49c3f541e78c979ebc647560ef58acc6ab24c934486384d49524d9c6424b1264932925493c41959a6018b3596384a4952831432138a7f5ebaa676f7d1e2e2f138aa82f95b2fbbfe824e967e3c49b3d3ad30221778789ef758485674c99642a094420a70dd1c41ae4c2e5f205770c915254120b867ff1c3b0e44084fa27c81f404ca134817a412586bb03ae3e25346d8bcba40b922f11d0111641d3011e810b28ec1a4296123264934c65a04e0288952ddbbd3584bab133357efb0777e9289a54932abbbbe29a07586319acc74d0a84c3963d919632bdd75fd3d4a5b439c68a224254a32923423d5a6eb26765d45ac5db632e9fe4dd38c284a914218cf71bfe729f9b64f7cfb253b9f76628f004763897e1477ec79f9f459eb8b9342d95f48335d48b5462a0942a261794feefa1656081012215c8cf0b178682bc88cc558435fbfcf4ca383510227275079819317a8bc442ac170bfc72f6ee9e592b32aac5be5e2170489b66097fd4a01184822cdbe8726d8b3eb415c47512c14715d1721258f5cdf0281ef3a94f33e7dc53c39cfa5197688d20421244a4a1019560aa43326878b83ceaa72519a4c2f6f3f19519a9266864c5bb2651de091733180b11603645ad3eec45884751de72e47397fb13316774f4c7cee28052d9e8823ba83bff9b6dd7ea7bf702a38a7251985c464c5449bfc42adf9ab9d38d914a769d7e840926a4da60dc6d8eeb20794f23e4303652a7d25902e710a516a512ef845c154b3c57d071b3879079517485f5029395c784289f3371619ef73c9b992c458a69a9a7668311db0a1404796d93d4bdcfcbd3b98d8b3c70a1d33d2dbcff0d80ab17afd89144a15c453068b2d4996520f3bec993dccfd9307c84c8a951ad40a1ca7970d3d39c6723ea9365840a9ee45678c254a335a51423bced016841428a9504ae228d98dcf5a4bce774dde736fedcde76f747d59cb392af21135a47ef8b5dbc66f3d125e1e8f23da836f6b3a6263d1bc5039d99f1b215c43d7352897f28e9f0f483243fa84abd952091cc6fa3d062a1e7edea57f28c7ca750e4145901acb81c39aa9b98c6a43a38a05e6d288a5d8502c3b9cba3ecf4b4eaab076c0c351ddf7cf879a666c88f47242ac80462de2b66fefe0de5beea3d3ae255687df2c07f2ab9d76ebb507f7ecf9c5b9a9497fd5fa1359b57e238efba399b1aee3d25f2c53c99dc8a6d1d5dc39f100bb9632a433ca5041b1aa12d05bf4a95402727987813e970deb0a18638963c3cc7ccca1c988f95aca6435a69319a400474a1c018e12f84a09d711e720e49942486b0c563ba2dd6a261f048e1ac147bc07bff737b6bfa8dc5bfeeb423138535b21126348b425cd3489b1a4da921a4bb6ac6c9d3e1cb0726509e50a845008d7c72d40b117322148a445e440e420890cfba64226663b6cd95c61459ff768868205743704b4bccf41d430ecb861dedef4d51dd4e667336c67974c9beff8bf07fef45b00978f7f38375811ff4928fea7406c2a96ca6ae3e967c88191b1a7b99b978f652d8b61c69e85907543016b47737881443c2e5d22174886063c8cb6cc2d24744243a7aed9796889a970d9d09412570a5c25f094c455124f093c2970a5a05a6d1c9a9a6d5cf8575f3effa8a50c1df11e7ce6c85b17679ab51549a6b7789ee32004da426a2d9981cc74ff4f8d25ce32f2698c275ca412082591cac1204832bad6af025c104e57f1e9ef7159bf224f4fc179f46a5c3657bafbb9b1749a9a89fb3a7cef9f27d9fefd43266ab7f74a21df33b5bbf67bd7d6dff1d02363ddd1b826bb63fe9a074ecfbfeccb41a0da59928ecf1e3c54682c5595970b8472bd65f55f3c7a0c0b20043957b176286064344079e291f8e2a38f34b354eb298bb5945643d35aca4863c3c199795a5681e84eb55cf6a99510a8655341a719138717cdc199c6473efab50bbf76a49c3c1e474cf0cd7bff3e3d69d56fe85aa37356274a465cd711d09d7c6dbb4b73662d7192325f9dc78dda0cf4f4d269699244231da7eb0a39a23b1aa7bb6fe12c8fce0a94fcd1096d743216eb090b1329b77f6d915bbe3acfccd4926d657307129a6ff577fa5fb886df499e6acc77d5beddbe75f65b3fd8d2ffb2efbb8eeb46ad56797166b69844b152ae2794e33cc1087b04ae2f7103b5fcfce31e16d24413b6348da5845623451bd049c27d7bf753d7163fc8a164975829055280319a4e3b62dfa179e6abed83d2f8bf77d7fe4fb78f9493c7e3a858d11b57bd6241d9dc8a66189fd66c853eb22bd175234a5dcb71a9b144ad51438531e34303202561a469b70cc648a42b715cd1bdd0e5f205afc01890cb73da8db940b51573edcd73dc7953953dd73439b0738985ce2126a3071a87c2873fbd6bfea12fdf9dfcd94f9ca8dbe7bf357fcbccd7bfb565f8f68784b6b4ebcd7273a95aceb24c4aa5703c7759e0589e2c57e0f98fadcbd67635f76633a1ba1051adc62449d7189652d09aafb26ba94a2d6ce1380e855c1e610d26d3a44942bdde64726691563b091d21dffd4fdf7fd1f78f061f8fc7512178c7c49792d357bd61ca584e89d364759276cb35932423cd32a228a4dea8926631c258c6823c83c315942b084343a369e984dd65d1f104ca15dd744061d11aa4db9de124362c4d261cd8dde2c66b964877a72cd6a639d4798843ed07b2a570eaba4ed8f89b7afdf34f9157f574d8c66db3dfdc7f7effab6f92d64ee82cd59d6a63a0d3a817b23415ca7170fd0000a1045e2031d612479aea5287f9b90e8b0b1dc22843009eab28175c3c29993e38c781768bc45ad224a4e017489394248a09c3885abd4914a64608f1651b267f79ffe4bfc447838fc7e3a8f9c1f71df8fcc2c9abdf3087b5172569da93cbf902bac6569a65845187380ed158ce5cb982d5ebfa28955d82c0218a2db5baa1d930249141a9ae012324c41d0bca529b4c39785b8b776cfd30dfbbee2626a7ee61aab19399ce3e16da87b34437ef363abd6a69e9c1db61fac7fa945770b6bb8e5e6707f38f961dde3a7f75b8622e78d8ebdd7087a3d893c649102e35c63a8d961bb6221135db1c7c700f7d2b47a8d642a6a61bcccdb7e98409d65aa492140b1ee3e345fa7a7d729ec3d46283fdb52592342170037c27c068bdbca42784616c8db5db8d11effac22d2f9b385a5c3c1e4755e8b0075e796860951309c1a54a09e5fb3e00522a9452c449c460b9c0b9a7aca7d4db8d38957a1cf24587564bd36c1a5a0d4baba171a5200921ac1a66eeed70f0c63a8b0f473c3cff208e743048a2ac6313d349b1d90da98eb65517a31fc0779ff62ef80caf2a9dc3d005027b7180e8dcceccfce35fdfc10e7bc7c2d5f55356bc62473e14b708a5766551b22a6eb686d33412a1023fdfc3ec5c935a3dc4629148a414148b1e279edc4b4faf87b0cb368550ec9a9ac558c960ef308e5428299058a230248a93e90cbb4d2eb56ed831ff25fd74e33e121cd5ca861dbc2e59177ef2b3f9e2d8996118ff76b9541442080c5008f288ca0027ade8c32fb9a4d674cd6623e91d74180b2dcd56483bb644f316a95206063c66f6b6997ba081d621bb5abb4831b4b22659165963b2696bb28fb69bed7f8da2f929b8fe2973a4bec8e5aa3e1c6da9d73b6f4a7476016972d5c69cd7f882fbe22db1655c14838162255fb2aeca4be538e81bc81c99e850a6615cf8d73935b4376ef6bd3a928e5828f7e2f6f603c9728c1b3a5187b3cf1ba4d4e392445ddf1f013d95026b8686a88602d7f110582490e98c34d321f0c96a73fedbd7ef78d3531a83470347bd74e5ebdbdfdc39fbecabffe0c41e73469626e7f8be8f721c8220a0a7e433d6d78b72bb9224804d0d4a6b46c65da6a73a349a09c2f5091c496d29a3598d39343fcbc1ec7ef6b51eb6a94e12a3b31d599afecbc242f553707587650febe9e09f227ed7ccc47f848c56ad0cbc7b7bdcfc6fb885dcbb723db98257f4fd38336e96644ed4c954a3d61136cd6c181b9b66c66863b32cd9ad3321534705dec2d87a7a0a3db8ae83d69a76a7c3da130af40ee6c934c4515783eeceae60f5f0208548902419611861b52633d658adaf46b89fbffe9e371dd3be5dc7a43669fbf657755ef09f6efcbd422eb8a6dc53eaf73c0f04c4a10625bba988566097051042f073b0724dc0ec4c87422147d8b108014667982c6cd924fb6192363fd768b4bedb6a7d6981a7292b7b3cfe37e7954b6b473fdc9a5dfaada2d162a49cc7cbe7ce119e4b94a4d4671ba407521203cb5b231d6d31363391354962b23426aba5dadcd82caeab7646b6fcb7349d946b5b031482aecf1c9916a79e715257838ebb4a9658cec5d5024af91c73ad063da522bda53c7118db56bb73bfb2f21f3efa950bf71f8bf97f3c8e09c11fbefc50ae77a33835d526cb6c37c8902e570f5861b10a821e411241d434101ba427e81950f4555c9aedb02b840889d51adf9ae975ce9abfbf6eeaed5f798643105f1d78c1099908de47bbf1ea3e47601d8fc40a3aad36d61a12d315628cb5686b6c684daaad990bad398c31fb426b6fb769724b9b7beffd5b887f73fd9b2f98378b6f31d9921cd729cd0e8461832de7afc2d2fdae4e4793594b10081c5f926a8be3b8e834c2936584805ca9405fb910a8158c7fe684874bbffd579b7e244df768e298105c1c37eb74263ea4a4e893cbe1b8244e90cbfbb113886e421e96445b92f632e979c5c81a8fc3372ca01c83725c30298238b0e8f2333dfed7875eb8d65ae77d22e315bed3d5a78d4dc142acc111a63b266db5c51c48b17768cc76abcd8326ce76dec7f6892f3d69d9cfe572946581342f4158da614892450c8e55ba6a5d6a68d433bc9c445b8b2341b890598bb51a4f759306ba014a4e30dabc1d9bdb03fcf068cfffe3714c08bee7f0be032bcbc3dfb082d7e703c7f53c87348d1142a22d20bb12a6b6906843d8ce48b4a4dff329f77b58a1a92e34e8e9cf63758cb469ec69f38caef47b4effaf27c7ade4aa70b17d49dc8e3d6b5292b245e75cb40447a424c6ce81f95666ccd599481fa0c9629ddbebdb78fa44f652d6474f4f89c29a22ed9a43a35965dd863e1c57a1ad656921a1d948e9f57db485cc58acb4a4d69065293a4b114027ca6c27ce1a18719392c94fe1af3f3b1c13823ffea54b5a6fbee88677cba22af89e7a55a5e83b4266b8814f9c19326351a69bafa52d84b1a613a7e4ca0a3f70a80c044cec5ca25052589b20d0587ea4a8e109b869e05525af3fff07adc5dad6c5998ea3328303c40e349bd0aea784885622d5ed856ce657deca8e9faa762a0b538450c8469e763b268a63fa87ca20055966397ca8492ed725d760c9f472a025b3686de8b43ad45bb16db6e24e94986f182d3ff1a96b2f3ce675c8c7ac7c74e40717edd5dabc278eb3af576bed2c8a52b43174224d9cdaae566b01d595349796221acdae869b2fbb244946ab91d0adeaf8b1412f710d17aded2cb43eb6d89af87371e6838e54290e162d0d184b490bc6ac64b3a57e4a4ff66f2b2b03835b7fba731722c5abb5da62c7e1fd549b758cb504791f6305d55acc52357a547f3742a00d7442439c191ca1a8373ab65a6dc7496aae31a97cffa7aebdf09864703c19c7acc27f1bc25c1c5f77df66cff94b63b58c23fd0ae925ca0934d56a42ffb087c522dcaeb5d9ec24d41b09851e1f2305d65a1a8d88fe828340a21ea7c97c918b8b05d4580e39284ade05592bb9c45a7d916785dbba6d081b5b3aa4600442095221c83c8567c48a42967e5c04ee75a7c94bfee933d5e46bbfcd0f9fc1d26fc1f99a2fa514b811591a2344b78a23b596c9c9164966908ec02a30a2eb2ad5eb29616cd05946bb9d188cfc9e8d93777eeaba4b76f10cbc80a381635a007efdf5976443d7bef06e69ecbbd0faea388a9224cb983c1c76972edb0d2a48576085a0568f89c28c7a2d465b4b1c6580408a47424b5d54b01768c4ffa9fbde3f1bc136ac7d19c8a29e2a10cfb9b48848976d2461002cedd47028b3644da1ac152f31d2ff885709aefa3bceed7f462723adcccb92e8b72bb0994392a6b4da097162989d6b63854005dd9c316da1d1cc58aa25844942d889acc07cadd38caff8c4752fd9793cfb7f1cf30aff6d08f3d16b2f79a02c2a5708137d3cd5b65e6da476ffde5637cb03819b73509ea2de48995f88599ced60b441ba5d615f0989525d823fc9d9ae409d25b0670571b44e37e2bc0561b1c4a42c2ea7be76d1558e5016c71a94d1b40c901899d964c8097257f40c0dde7195f7a2937ed279383828e9e2481f211d526d989a6ab2b418536bc6f8050fa124c29184b16672b243b51ed36e35102af9ea5f7ffda5aff9c71f5e7ad4d3627f128e5b0b876d5f3f67e1aa2fffd21fced50f5340db730000200049444154df946489999868b07f7f933833dde07ece4103b33311cd6a8805f2456739195160bba53daca1df33880d7e371f04e896c424642cd28d104a21f07d8742c9472849df50017c45642da0f1621125e8994ed44832cc9aa1a1fe6f7e7af015977f980b724f3dfa2b45ff68b16f70a48c721c3cd7430053938b2c551392d452a804186969775226f6b7989c6c1326317be6eee5eef93b26394e4bf2937154830dcf00b6afffa457b96e713304727e3ea456eba6b3665a90a6509d0ae9d422a484bea13c493b258b9278f5c903537f72c57b0f366fba36f393f83f83d8fce8976249739a527fc0f04885b1f11e566dec67d5a65e9ab166c940a1e232dfd0944542af706632c1879a36bda71da7324ab30d38ee05322837cf0d4fbdff7a763cc107bee6aaaf9ed53b9a7fcbc8faf2a63d7b9630be47944474da6d9ca080e307f87949bd1e73e04083999936a94e596a1d60b17990348bbf71e8f08d371ce7b9069e83364a3a4b9859b89ffe9e1391a2427b26e6d0614d2ef009a44f67a183d5867c9f4ba31ea13b099bce181e39e3dc55eff07cb5aefdebeff8027fbff5d1065841d965e884325e45a15c875cc1255f74ad7454bdd949dde258aef0f03d55465678542a02d3cc50c22f8f24b23d15cf7d2ca4bc32f1d2934512bfc6c17f7bce2d68523ef3c878ffdfbba656172afc7db1af74b6f2a195842404388e471c471cda778815ebd6b073e72c71ac715d85529ad82c506f1d40eb0484f48ff73c3f82e3df27cb5aad754cb5be8b5c308494258c568c0483d04a6844296089c284a49a71e2c67e369db552782537701cf94a353e5ec40d4247c68c9fd6476ec0276ca7b658c9b58a15ef2e2bf9be50e2fbb976edbedbf7b4de9718f396be2145ae28e88f0d49cba294282178cd89c1d8b5bf54ffc11e12f65c0e5fafb061b49fb1dff89f5c7adefbb8f6b64f5e71a75be875ff0ccf9eddcd9a8391f10af7ef9ae94aae42d06935f17583922fa9b5e649ac061992a635b4ee462e05e2ff47044bc2ae156948d245a46a6034280b797f944521c8324dbb6d087cc986cd830857925983ebc992f5bd17975e7cd63736e4270f6aab6f315adf32bebe7047ae55bb4ffcd3979e205edcf482d7a834b1f4f677bb05077997ac9bff26ace41713c7fbdeff2e5efac7a635f3addfe4be36ec390c7bdeffc8e7fb86c7ce179e7a6d145a912b77e596f155fdec3dbcc852add92d9f0356f554b8ebd05d343a53789e83eb7a586b1f2d97b5562f1cb7f97d128e3bc1c28a856549ba0babc9b28889857d9cd05fc1f315719a62ada5d413502877d52fc7085c63847565a575ce2f1799fdf25b175a7bae3de54b5f7ada58eaa64d03c1cc6c8b85c50e49aa713c9782ef3ed27845b8b03673c5e7ecc08a0fbd77a1f2b7efe4c6c72700088df8ad0c5d4e12f0a5441b4bb11cd0db5360b1d6c402855c406263764ded402807d77d4c327f44a091561cf5549c678ae346f0f68fd537b805f9865abbf9aa4e9a38499ad14a12aaad36538bf3ec9f3c4c6a52825c91462bc6584ba91c90daae902f62819393a4da8a9a3bb6f93be5ff7ec7affdd3f08f0d947b4e501e1f75e8edcdb1580d89628d8a0c662102202f6c3d35d9fe54786fcff795ed954b177ff04aae6f017cee4ff6ae4cd117c6a950420ab4e84a8fca75f083c7fa87af191fe5c103bb18ee1962d39a8d8c0f8e3250ae90f73d5c294992044f3917fdc5a6777fe292cf8ae858cef153e1b811ac855de32a5edddf533eb18215f17291d6486659bb7235679c703a870f84d4bc98a55a9b38b60829891243965aa427c80c8449469c64abe63a510578da968316449c13152b1cfca2436f7f1e6ba1ea3a4cd7e710aea4981a6f5514fe973b3a614f46e157b5eb9d4cca6d0089f44e919a8a8c34ca854cbb686b490c1821b008f2b91c7dbd65d6ae3d9b952b2ae47c07df51f8ce6349ed4a0874c245b303b3c7db63018e23c172b67d73224adbbd3c1b8db2beb696248376db9061908e62744d017fc96376b1c9f464443b4ee9242951a8c99503d2cc3ca21e79a87010d8f574c7abbdf18d95bc9245f124d1a83c5e62fe9e394c9a915a9debcb07aff9b3e675efe549e52271a847ac34be9602994a4ab1c64a4b27c948328d9292756bc7191aeda1afaf1bfc0fc3aefe2d7202e55b8c04a1551636924ffcd255234735dff999e21810fc367fcd9ab1d15c2eef7a9eeeb4dbfb17f6ecf9dbf89c6d2b3a377ea8fad76922368982d8a245d70737407531a1de8e3012fc82c3f8fa3e9af5884e2ba51519e2307b3481bed94ac8626b45c7ffb1cdd5f24343a30853144fcae6f17b0282924fd20ab1529266e91befe5b4bf399dfb9e40403b8a5323acb6cac12419edd0c3cd29eaad8434b3ac5831c8e0480fa9351c38d04059416f31a0bf3f0029d0c612b52d61bdf560aceddf1ced597ea638ca4ad6ffc86ddcb8ead78ac5beab3d2f7f03f89fcbe757bf72cd9a3706002ffac3de7b934cbcbbbd983d1cb6ac4d528372a167c0ef2ea10866665b68a919593784123e8d66429476098e424da315d109935aab5e7dd432b55879e715f609556419f98d067aac82c73f5082fc4811c711f8023cc97ab5b2ffa576ab95777ed2ba162b005a516ba2d389c3563ba1d14c960599ee0aa29443df503f719a313bdb442ac5c07081caa08ff204496c68d532260ecddbeb1ebaf3ea6fdd7877e3e8cef333c751bd83376c183a4fba7ddb729515e30821d2a83e2ced42502e6fdc07dc05f0e23fac7cf35fdeb5b7d72cf89ff30a52a5c2905a43ac0d8e27703dc5e26207940b79877a3d215794c4a925598ca92db4485a1d37aa377ffda5a5cffdc31fbef1c2d6e1539b2f5fa1bc174e6d09bf32f6bbb91bed1557b849ce9c9f361932a941395da33dcb24d608f2a305a2b9063a8ac92957caa0fcf699f178e38844effe487acd7ff9ababe777ff70f1e49eb17c41e514b91e17c7970857d10e53b470e8a49ab499d1570950aea013a6e844e30a8934866a6389ed13778793b5a9dbaeb92ef9f1c1ec6388a3bb441b799e52959e534f1b168d58b3f72123891b2b1ce16e6499608007e7161f1cf006c96945126bc23825cc52da7142338c68470999b648e1a08232415ed16e66346b6dc25687a4d62ebbc83fdbbcb9efe56d93ec90ae77b154ac26136be7fecaee465c3990355a97ca5ce638ee63a7e859e85688e79007026c0b6c6ab1c5be17d09a3f9fca606b31ca5eb162c3a8999e6e9ddb9a4b2a7e49a09465d1b3485fd2e9a4341a756cdde0398a7623a09cf7ba06962bf0bd6ea399b966cd2e75c21b9bb5ce03f09e2724e28f8f7f3897afc853825cb0ba6df43d7bef9adb77f4bad63e114795606bedb4d5515aad26364a8d305962854d176dc613321746c7867edd538e3499c5c9299ca6209ece585a48e92431499292ea14ad533c575229f7515dea509d6f2284c5cbbb04461486cb85170e0f56ce534ab85621446a2e7282f0922cb6abe24e789ae74a84ef3c5643d62d15c4c9391487035acd0e5658fcfee140088352147a7bbc81cd9b06451c6999d884d8a6cc571b78da0329a92f2c519b9f4748705d45db9174f21e23233d147bfbf00b3e420ac68ae3482f37d15b5ed3b9f989dd3744beec5de8177afebcd4d33b9e2d2ddc31b436fd83b9fd4fef111c098e2ac15152ff8654fef9bb1e4c7f5b295769d3da2b4cfb6f6af5e947efdefff686dbd67a9ef76ae558a17c419619b230a39dc6b4db0971a2d14663ac415b4363a1465fa580f12426d12857221d0f0fc19ad50362a8bfe8196d71a44048d9a74df597e3d8bdc06ae98a9cf3989a64c0648ffc15a842800c5c6c96438e6d42e40b0801be23d4c6b525a6e79bec9eeab014b689db0941eae2f91e8b730b689d218445eb1484218a05a32b56902b1429141f5325f3ade2ab66e7eeed3bfb94f77c6efb03f77c1bbea4376c789b57aa944e3961f38a0b376e5ae1dc7aab1ad286f71e2b828faa6fd66cde145a7bc64d02fb6591855f8d93f0635a1fbc7962e26fa2334fbc726cede8656f2ee773ef5b313ebc510864186ae6e742ea8d8838cd883a1969aa315663305da24d86a714f99c8b9296344d915290f73c4e5c35c8785f0934dd5e205a887861e904da8bfdbe1f0ac7350861bb754e8a47cb548527b1a9209c73e814cec43ff9129c813e7426d0116869d93f5767f7d4029d34c65a83eb2982c06571710964375353d0cdddf67c9fdede61e2b87b31b9ae440884126e71ffe4818d9db8f34bc383fdd5e9b9ebef5a5abadd947a2feb8b537161a3a17be7a6e7eea9565b9f6d2c7ee398a4cf1e7537a95afd40bd5a7d6cbf3d892bbdb336fcf9af3b4a6e05b32e5f2848a32db56a46a31e93651aad974910f6d1729047fea65a53afb7f13d457f7f912c8c406baced4eb089bb9aaf13484c6c68378bfed2f405e4dd51fa8777922bcda149b1585c01d211e838472b3b816a69356d7f15057f14ad2599b1c4a141d3ed9a9359834050aee4191828d10ebb716a968f6d97eb593d2fc05a411c6b1616623a1d436f9f87e30a91cf153d982945cdd62385dd36694e7f7f216dbe21692eac1746fce0f0aedf3f668900478360015b156ceb36817a1276f0a03ecb6eee5863acc1489d493175b88331a08d79acd59058eebc0338ae62a82fcfcad5152a951c9eab301ad238a5ecf6d3acb749e3b8dbe1a69d92cbb9e8589336321261c9823e1aad1ced8921b43cc8c3f58748c422278de518cf8fd1ae6fa0138da1077bf07af2b45ae0340df8cb2d95da29f56682efba8c0c171819e9c1f314519ae3cc3356b1b0d4e0e0e159166b75b22c434ad56dcf64bb4d583b9d9434eeba804a78a9d46adb8e890fce3c32271313db62bac2ca2d4761fe7f2c8e78897ecd6bfeefbad1f1fe97f4542e6bcdcc5cfd147da077d891fe0b17ad74c605e29476abe1cad40865ba93623383cd0c26d124ed8c52de61cb96159c7bfe0a86874b948b3e81e7e02a41ce77e8f172f4067994054f0a4a8e4fde73d0a1a1b914129a0c77c0c5ade448e21261b38f4e639056a307c2f588f45412b10a39d483eef198a96be616530a4aa29420c3305b0bd937dd6078a8c409eb07e81f2850c87b542a3946472b8c8ff5b271fd2845dfa75d8f91c2a51014901684b6e834266a36989cda6f27e727eea9d5ab7f3c57bbf13951b28e98e073cf7dd38bb2445c1945e6e0e4a4da013b7ee42e9e591a8d07f2e519e5aab55aa7ab17dbf34eadb140da6893b6239375927a1676c29ca383f3ce1d176bd7f7e23ab2bb0427168cc077bbfb704f4f405f3947c548fa7544ac3c2a8ecfc2549b430b4b9057947a8bc88243619d4bd09ba3e8f4313ab096fe952b0956f5106a87c3939afdf39a7bf775b036a39403e10a0e2fb669b59bacde5066c3e601fa06f3f8be431078e47c0f47743bc4069e626ca4871ea7c8dcd41249d8b171bb15771a8de6dce2a1606269af9869cf36621dbf47ed9cb9759aed4fe70689ee4fddde704c527a8e98e08af7d2ceecd4e24c7dbef650b53539f35404c30e3b57bf697aa4e7a2a650bc00544f26346ddb4eeb59e3de8e6dff63472cec758ac9bab5ab86f37de5a270a4c4710441a0c8e51c723985a7046998b2345525bce31ac27bbe4dd92fe0167b6868cd74a38ed19a9cefe17a0e3a0583c0ef57b82589b682eabe8cc6a2a199c17c5bb3d44e68a51983030e035e8bf6debb98bff726aacd36b6d8432eef5128798f8ec1f725ae12282991161a498d3b0edf454dcf45d574eedfe793ead71abade1bebb4cf68fddda823feeedeea07ab4f377f279ef44f97add9387ad9f4a1350fc2cd475d103962820f4c7db531bbf8cd7babad6ba79f9adcc730e86e9954beb7d2c2198046882f63f4fb271697bee8161bf7273a1c6eb41a2766a975734e2002e981b198c410b7335ab598dac14992eddfc6bbe72bf8b30f533b70904ebd45a59ca37778089d19aa4b0d7cd74749176b05596c89ea86b8d66dc29609986f5a169a8635e32ee79ce0d2d7dcceec6d5f6466fbf78826f792556748528bcef563ac4218ba4bb01598d4b058abb363620f77eebe8fc5f6824d4df883b053fde37656b85659b3db60665363bfa877ea07e7b9fee9ca5bc5da7597ff51a154789349c3cf371adf3dea96f4710d61cdb66f4e07ca2fdc2fa5dc62257f17259d8fdff9e09fdf5dabdd901d3a74637d74f0c25df54e7360b6ba70c2e44cd549e7fb441a42bb91b1341b31fdf041b23bff1fdeceef20c32a0a8948131667eb54670f5315d03f32426a04a54a09d773100aac3198d462a3ae411763a9a79a5259b26e2c667acfdd44b77e9adac45da48926c343472dccc214f58516f3d9182655842dc3d26ccaae3df36cdf7f1f3ba61f66a159b5c6ea1fc669fac777dcf5c1fb6767bf934ecef64ef4fb6377766c69cfcea53ff9b131eb552b5f3de538de8df7dd7be841b8e119ffc8c733c573f1eb5de2d4557fba76e1e0d2cc349ffa9188d0f9e76f5de34bdeebe0bf6e93fc25552a044809465b3aad0ed1d43ed6cd7c8991682701028780055690b8010b63eb193bed024e3ce934fa7a7b489a96faa1905a63895a5247393e7da56142ebb21867d4c290d9fd77e0d5663879e6b3a43625a587841c29305f388385a117535eb9925cdee9563318cb6238c7217d3fa1a85963b2efa63a7aeb6db77d700fcf3e35f6910642471dcf49107aae7e53b5c5f6a7dc6f0e1fbea136e09eff5dbf50fcc591c6e115b6b4927a3b224a32bc9c87c9f532cf38c38ddb5136a32957b12f7719b3c18b191a5cc969ebc6e8191a248d14d30f64ec9f39446eb0c1e6640feef69b39200ccd5c1fa110b44d8c9edb87b125f6d8cb68cb3ea44d9036a2e98f3239fc722aab57e1f8825a2b228c135c11d3eeeca466e76c26cc6d512b7ef31d777df069e3d2cf35fe43fefa6850ea1db73658d33bf92dfcf661dc137e854ee6d20a533cd7252a8eb2bfe7621683f368cb0d043640640aa93ae4b443aa2d4b55c344738ed37ea597175dba1673d51266aac64afd003f0cfaa8964749d3369e50686f94303f469d551c702e239fee27a08e532993da6e63b36249919731eeee1fd28ef61b46fbaf6f27e9dbeebeef43c7a588ecd9e23f1cc1676efecbd542aa4fe82c1b103aa66fffd7c9cfdd4b6bf85ceaa5b5d49c31948685deb311c571465c8f56d5e068c56c5b50ad59f2a9a56e1264a1ca0b4e5f85bd7a1afe3d83fcb98ca4130cd5f73251ac203a2d94ca510d4b047e57e5ca57026cb282242e936531aa1dd26316f0f61e2298db8ddf9ec3e91fad0751f02fcda4bdf7b99eaf9f84ff50049f70c21f0ef80eefd2d69c63b5155883c0500967292e3c481b8f826830161dc2aede82192c327f28261512d7934cd563a66a82b58d88c49594f42ce9bf3d8cf30d0f1a3ebaecd2115502e1818df0c208258a4c8786a15e8d901a2d6060650fc1dc04e1f404f5f22a6c324f6e7e275e67b1db5b52889ec871dedce78cee86cb6f8663d302e968e03fd4cfcbe69ccacacc980dc6fc7fed9d7b8c5cd75dc73fe7dce7dc79ef63bcf6da4e6c6f12c7ae6b2776e434254a5b14554a5b4140716981425a500414da8a062902a114a80412ff205044933402245448145525ea2b09c46ad3121adbb5ebb737def5eedabbebddd99dd79d99fb3c873f661d3fe4b40909d915ece79fd1cecc4a77cef79e737ee7dcf3fbfe129da6a946a5a4864375682753377e005b77d830f73cf92d5be8dfb50baf68e087216e0e2211528fdb9cbf708af0e21c8663b2a025f3fff46d82f963c495907af734179a73f8fd15a452d8494a529ba79376498d183b234849f1ca26853dbb29afc9327cee3b08a159bce9e7e85436a3a4055a8958a93d5af0bbdbb66d2b2e77bbfd349625c87a232c6757a3ecf677329637e018cea6f56155247d9b686ed8cbf0c238950b3f205a7f33ce9df721333926cefaa84490712d9a9d2ef5569d5cf3557232c4aaaca755ce51f35b78d13c61cee7acbec8ccd611e636efc4af4279ee24d1c5d38c9a1bf13c9362c12125c5b4a134e8600dad21193d8c377b0a95f1e86cbc15a4a06bd8f8b9c108e94e793affc2c4dcb796ed48cecf62c50cd19f7adf0f87cb05e73e27cbdda9ecae0bd2aef00b39ba026e983dc1c88543d434f85bef40164a046d85d6502cdac4dd143f6c235493245e647a7482fefe21323b7630b1f71e5a674f51545dd2fe6d2c0e6c6466cec2ab8e519a799976a2505ae1076d06a547d6b550a92649145e5f0963c71de8fddfa0307904611bf8233bb1b4e4e67c59da4676a391da5fde39f4eafea347fca7f7cf7ff05d29a9fb5658113df8c1bdaf6c2b79993f715cf1db96cd5e21650584f0d60ca0832e9bc7fe93fed63cedfe8d44bbee86e2008d6a441a0b5082857a93e9855972d1346be2b3c8689e60f13c22bf11737898da9a2126b3eb98712b2cd40ceca92986c75fc4f3a708f522e3f6083e1ac73129143c0c1b6c57e0662569368f3af07d844a11c2201a790f4edf2012c7b00d678d29cced8634f6f697dd9b37eacffcd789fa132b4ae4659f831fbce3e886ace57dd134e4af20e450ab159bcd46208a45875ccec1ef7689e96512a85c05e514083b2941b76793dfecb499a89ec78817188ace30a85a0c616336ced3dcff389d63a7515d934664d1aaa6d813e7183efb3cb9e638bd43bb015bbbdf228d1b5c5898a5de6a82864e3be91db8f70a245e19e83902b5138597b5c87816f55a20baddd844b3ce36cc7d6b879dbf7ca0fcc28a9a9397b5073fb0fe879942c6f9a46dc92f0a03a7e507224952d6df98a7b23643b71b71eef4285b6ae3f405751607b63037b09576609184b058f739353686e836b9a9739c5df12cb7e0d187c1202646e4d398f811cdb643aa06702e1ca132fa75caad0b98280c346b49315515a91699956b6986512f95d5b67b35188294dc6b674883053aa6c76c711d038365d6548a0825999d0e5189c0949645223778f942f747338fbd63d543df2ecb2af06d952fdcec1ac6df4a530f0451220c0b6ed892a7547600c1e8e80cd1ec79de573d8e9386b4b243cc9546f0638bc9e98b9c3b77964238cfded6f7d8162f324289cdf4e3621012924352511a63e128ccbe823bfb0a7654278b890decc44510e2a188d22a7d4940531498ef042025a6b42085f5278ee226112d43b36095115e99be42915ccec5732de66642849242a646268d44717bf6b78e1cae7de55db76bb81ecb26f00778c9acf4e53e6799f2a3862544a1645119f6f03c132d60a1dae6e4c9338cd44eb0a3390608749c30ad3cc62ece13cd4f32e21f6377e32506d306658a14c8522243890c8a940e01169ab29614920ea98e7ae57cb0d88cc38d984ce323965cb85ca5b835ea90558205bf83dfaa53ac2fb0e9c2192c4c4215e263b0208be4bc3c19cbc5324dca45af57882b12220d45496ab9b063e181570ef38feff8c383b7cab245d19b868a65db323ee1d84214f2065e41620848234da3d6e627a7c6d2e2e2b8b865f19094808ba4d85d243af32cfd868d4eea98bae7c2a371d0280c0472296973883c215d5ab4914019933c2e018a35386cc14513b364d545094907c9701a734b7392ba3fcd995a876c1c22282091e495a0d29aa67961203d6be6919b1c99f73c6120e8eb73f1d134a3241ba4fafd72d3e02d8c7364b9daf712cb26b0e15977675cb9b154eed532d491264862aa7e538f4fcfb4e61bcde7ee5fd8ffb1bec42f54c8d38f838349aa7c2c55a38ee272b8aa51a89e393712968cbad75162942e6a291dd942924372030e1904fe25ab25c046e262b18e1c7de4a8a990e9a88ec4c446a2113898e4c206eb6ba3e3c745713e0ce4f61b8686f203d982108949c6121865291af5687b9a722bfc3f161843dce97a520a2168b522ea5d5f2f76eae142ab71a415facfaa24f9da9a68f6de0de40bc3385818280436821226361a93843a1a8d428b14a12fb9e22df9776091c3a179850565ef40ae02249da5f77bde3b02038983898d411e1b6349d4f51400890954693210cc8e0ed6c69e7c2dc96c6fd5935feecb16b6f77b45b398c9e3d8268e630cf8811adecd01eb207b962d6d059651e06ea05f9c5b08d76954a51b86e162b73ad1ead60fc74487a71beef1fbf8f564986d99b5f40eb96b7a19f372c9da308360109b4eae8dea0fa11d22abbdcfaf248f4393cbe7dd149a64e9387ce775e105e9d2ad71f9ff7baf2e06253268043129051cea04d6f6eeb1d113dd2dff3e5768beb0586def6ae4a35da5ac1a764cc742ebe938d4070eb27bd9f7a8974de05353e14b03039da322b19c4e18a541b7d3f191ad137c2a02f82878590ccbbd66a9feba0019857b5b97bce7d3e800e7a3eb7a5a7ad857fdddebad0a85a67dc9e0546844a98393af61ccaf83eef5afd94292c72226b59b04e6411e6ad0e41578f4d06d6c2bc6a1e3262a90223682be76ae76c9676f395936810fb227a6cacc1b7d5e62282b11a673adc042206f0a907bda88bcc2a9a548a5918500612ac43571ab8bb1342b5f2646d12121597a57494d3c1090dddba2bc39453c3f42f7601fd71adc0a040e1639b4137265baeaa3d18f7de65981ac98bde86b09c9e73d30ac2b56726230c1beab85b9d647498d1068db965a8b38b52a7eea355b3693a5abee0889c4c122b822a08a51d408514b43756a29ed57e230eb26a6bbb36664effa31e9f38342fe838958bc6c7e271018087258990ce2eaa16185b262053610f99ecf2cbd5a86ef89109f6c635801620c4422b44607b6c9a8d2ea898175896167e6ffcae80c38ba7a75db3b185ce97e1291d026e9092c34f50d4923467eb96f8d9198260f0aa947acdbe732f24847e8d14de8858dd071109a4b31806b709db2a52b9065df8b7e2324699f8d14780aee09110ff9885b13a405428a446b3d26b47ec211d1fd0ffdc7fcdfd9b69ec9ec9e8f327be710cee5d8a6b704bafa3ef6898948d168828198d650a404626cef5f4cfe4dc64d7e55c3534aa9716da431b74feae88143249babe0c4976eb98c46aff6e0b7838d5d72b202716f84f88508fa1542a02d4b344da15e8e62f5c4fb9f9cfa3796a657296424f249e8de3b9d8f273dd2e3f9deb30404ce351b7697e663558a696ded20244a46daef151d3d7b4c3f3df848d42abf1c45e96f92e59ef4c65a26cc1d213cb0167ddc8156cf1ff75d6d90ff212bb6072b37ed773e9422ee8fa0a440a0b5d6e38e2b1ecb17d2cfdf7585b80071aa23a06b6e6a92fdd82462a03728f77af07576640b31c97bdba45eaf482d86f1faa173b16fde1ffebd33ff5af7d3874d4b3c06cce3453ada3141b8f51c517f2d13dbbefbbfdb02ef0c2b5660e36ed5efdca320ab418804ad0fa854ff59def5ff7ae44be75f13d79c23162aad49a92f02dabeb34af697a610566fa83631ae5e426553ccdd2d58175daa5adb32c3f6856bafe18f0f5c3cb6a9a4fe3c4df51f69cd5161289d0e34086e9cb4fdcd63d9b75816605958b117a8d65271f312210841bd2892f861236c3c2d533f4e0b000001e249444154f69d5fbcdef79d6ef344a6683c87a02e6d8dfbe119bc8f4f2d9593bb6203249362ded6c0d8d205432320d5a8c7c60ece5cf7e9cf9ec7c71a3fb878f89f858e3e9728f55d21b54a335d43f535f2fd23acf8406bc50a6c082a4e56443a55cf45edf80f484ebd2cf69d7f832d08d8f34cad6167932791ea1b081dc85c4a66df24998f9f47d2dba4109904f3b63ae6561f61f7bcfe35eaef8ddad8577e5a499d871e273e3971ecfb9df9f8e1b0937e4d40a22405c31e5cf102afd820cb72c49021e5330badeeef0c7ee6f49b4acaca7ee2f4b4fee6ad8f22e45a043f2f3d65babf36859709b09eb5d03b6b58db9b08a3b786360d9e39f5ddf13f7c147e6671c87dcf90c2c9634fddb1e5116d8b00f09ca2b3e203ad15db83b552cfc9af1ffa8d372bee25c4474e4e10c49f077548089dca8cc6fbc58b143f3b8efdde06d2d41a2162adf5772c23f8eca36f42dc2bf9f4ab67a73a9df04f55c28b6fe9072d13cb917cf6aea0bfb97907aefb5510b7c7a132268f455427120d3ad05aedef06c1173ef4547545a79dbc13acd81efc76111f193b4a127e1ad2ef0941d4f3e8d6bed6fadb32d58f7cf0a9ea8a4d187b27f93f2b3080f8f0d96388e4f785d6cf18266740fd4b1ce92fedfdca859f5cbbcc5a6595555659659555565965955556e9f1df8c5cafc6019331120000000049454e44ae426082);

-- --------------------------------------------------------

--
-- Tábla szerkezet ehhez a táblához `trophies_desc`
--

CREATE TABLE `trophies_desc` (
  `descID` int(11) NOT NULL,
  `trophyID` int(11) NOT NULL,
  `trdesc` text NOT NULL
) ENGINE=InnoDB DEFAULT CHARSET=utf8mb4 COLLATE=utf8mb4_general_ci;

--
-- A tábla adatainak kiíratása `trophies_desc`
--

INSERT INTO `trophies_desc` (`descID`, `trophyID`, `trdesc`) VALUES
(1, 1, 'Adott kurzus adott hetén legtöbb pontot szerzett hallgató.'),
(2, 2, 'Adott kurzuson az egész szemeszter alatt legtöbb pontot szerzett hallgató.');

-- --------------------------------------------------------

--
-- Tábla szerkezet ehhez a táblához `trophies_for_students`
--

CREATE TABLE `trophies_for_students` (
  `id` int(11) NOT NULL,
  `trophID` int(11) NOT NULL,
  `nepKOD` varchar(6) NOT NULL,
  `idopont` date NOT NULL DEFAULT current_timestamp(),
  `eredmeny_id` int(11) NOT NULL
) ENGINE=InnoDB DEFAULT CHARSET=utf8mb4 COLLATE=utf8mb4_general_ci;

--
-- A tábla adatainak kiíratása `trophies_for_students`
--

INSERT INTO `trophies_for_students` (`id`, `trophID`, `nepKOD`, `idopont`, `eredmeny_id`) VALUES
(49, 1, 'BATMAN', '2023-10-28', 3),
(50, 1, 'TESZT2', '2023-10-28', 2);

-- --------------------------------------------------------

--
-- Tábla szerkezet ehhez a táblához `trophies_for_students_sem`
--

CREATE TABLE `trophies_for_students_sem` (
  `id` int(11) NOT NULL,
  `trophID` int(11) NOT NULL,
  `nepKOD` varchar(6) NOT NULL,
  `idopont` date NOT NULL DEFAULT current_timestamp()
) ENGINE=InnoDB DEFAULT CHARSET=utf8mb4 COLLATE=utf8mb4_general_ci;

--
-- A tábla adatainak kiíratása `trophies_for_students_sem`
--

INSERT INTO `trophies_for_students_sem` (`id`, `trophID`, `nepKOD`, `idopont`) VALUES
(1, 2, 'BATMAN', '2023-10-28');

-- --------------------------------------------------------

--
-- Tábla szerkezet ehhez a táblához `userdatas`
--

CREATE TABLE `userdatas` (
  `neptunKod` varchar(6) NOT NULL,
  `nev` varchar(50) NOT NULL,
  `kar` int(2) NOT NULL,
  `szak` varchar(50) NOT NULL,
  `tagozat` varchar(50) NOT NULL
) ENGINE=InnoDB DEFAULT CHARSET=utf8mb4 COLLATE=utf8mb4_general_ci;

--
-- A tábla adatainak kiíratása `userdatas`
--

INSERT INTO `userdatas` (`neptunKod`, `nev`, `kar`, `szak`, `tagozat`) VALUES
('BATMAN', 'Bat Man', 3, 'Gazdaságinformatikus BA', 'Nappali'),
('TESZT2', 'Teszt Teszt', 3, 'Gazdaságinformatikus BA', 'nappali');

-- --------------------------------------------------------

--
-- Tábla szerkezet ehhez a táblához `userdatasoktato`
--

CREATE TABLE `userdatasoktato` (
  `neptunKod` varchar(6) NOT NULL,
  `onev` varchar(50) NOT NULL,
  `kar` int(11) NOT NULL,
  `oemail` varchar(50) NOT NULL,
  `ofogado` varchar(50) NOT NULL
) ENGINE=InnoDB DEFAULT CHARSET=utf8mb4 COLLATE=utf8mb4_general_ci;

--
-- A tábla adatainak kiíratása `userdatasoktato`
--

INSERT INTO `userdatasoktato` (`neptunKod`, `onev`, `kar`, `oemail`, `ofogado`) VALUES
('VALAMI', 'Val Ami', 2, 'valami@uni-eszterhazy.hu', 'Kedd 17:20-19:00');

-- --------------------------------------------------------

--
-- Tábla szerkezet ehhez a táblához `users`
--

CREATE TABLE `users` (
  `id` int(10) NOT NULL,
  `neptun_kod` varchar(6) NOT NULL,
  `jelszo` varchar(40) NOT NULL,
  `user_type` int(11) NOT NULL,
  `avatar` longblob DEFAULT NULL
) ENGINE=InnoDB DEFAULT CHARSET=utf8mb4 COLLATE=utf8mb4_general_ci;

--
-- A tábla adatainak kiíratása `users`
--

INSERT INTO `users` (`id`, `neptun_kod`, `jelszo`, `user_type`, `avatar`) VALUES
(1, 'BATMAN', 'alma', 2, 0x617661746172732f7361726b616e79342e706e67),
(2, 'VALAMI', 'alma', 1, 0x617661746172732f7361726b616e795f312e706e67),
(10, 'TESZT2', 'Te$zT02', 2, NULL);

-- --------------------------------------------------------

--
-- Tábla szerkezet ehhez a táblához `usertypes`
--

CREATE TABLE `usertypes` (
  `utypeID` int(11) NOT NULL,
  `utypeName` varchar(20) NOT NULL
) ENGINE=InnoDB DEFAULT CHARSET=utf8mb4 COLLATE=utf8mb4_general_ci;

--
-- A tábla adatainak kiíratása `usertypes`
--

INSERT INTO `usertypes` (`utypeID`, `utypeName`) VALUES
(1, 'Oktató'),
(2, 'Hallgató');

--
-- Indexek a kiírt táblákhoz
--

--
-- A tábla indexei `eredmenyek`
--
ALTER TABLE `eredmenyek`
  ADD PRIMARY KEY (`eredmeny_ID`),
  ADD KEY `het_ID` (`het_ID`),
  ADD KEY `neptun_KOD` (`neptun_KOD`),
  ADD KEY `kurzus_ID` (`kurzus_NEV`);

--
-- A tábla indexei `fajlok`
--
ALTER TABLE `fajlok`
  ADD PRIMARY KEY (`fajlid`),
  ADD KEY `hetid` (`hetid`);

--
-- A tábla indexei `hallgatokurzusai`
--
ALTER TABLE `hallgatokurzusai`
  ADD KEY `kurzusID` (`kurzusID`,`HNeptunKod`),
  ADD KEY `HNeptunKod` (`HNeptunKod`);

--
-- A tábla indexei `hetek`
--
ALTER TABLE `hetek`
  ADD PRIMARY KEY (`hetid`),
  ADD KEY `kurzusid` (`kurzusid`),
  ADD KEY `tesztid` (`tesztid`);

--
-- A tábla indexei `karok`
--
ALTER TABLE `karok`
  ADD PRIMARY KEY (`id`);

--
-- A tábla indexei `kurzus`
--
ALTER TABLE `kurzus`
  ADD PRIMARY KEY (`kurzusid`),
  ADD UNIQUE KEY `kurzusnev_2` (`kurzusnev`),
  ADD KEY `koktató` (`koktato`);

--
-- A tábla indexei `tesztsor`
--
ALTER TABLE `tesztsor`
  ADD PRIMARY KEY (`tesztID`),
  ADD KEY `hetID` (`hetID`),
  ADD KEY `kurzusNEV` (`kurzusNEV`);

--
-- A tábla indexei `trophies`
--
ALTER TABLE `trophies`
  ADD PRIMARY KEY (`trid`);

--
-- A tábla indexei `trophies_desc`
--
ALTER TABLE `trophies_desc`
  ADD PRIMARY KEY (`descID`),
  ADD KEY `trophyID` (`trophyID`);

--
-- A tábla indexei `trophies_for_students`
--
ALTER TABLE `trophies_for_students`
  ADD PRIMARY KEY (`id`),
  ADD KEY `trophID` (`trophID`),
  ADD KEY `nepKOD` (`nepKOD`),
  ADD KEY `eredmeny_id` (`eredmeny_id`);

--
-- A tábla indexei `trophies_for_students_sem`
--
ALTER TABLE `trophies_for_students_sem`
  ADD PRIMARY KEY (`id`),
  ADD KEY `trophID` (`trophID`),
  ADD KEY `nepKOD` (`nepKOD`);

--
-- A tábla indexei `userdatas`
--
ALTER TABLE `userdatas`
  ADD PRIMARY KEY (`neptunKod`),
  ADD KEY `kar` (`kar`);

--
-- A tábla indexei `userdatasoktato`
--
ALTER TABLE `userdatasoktato`
  ADD PRIMARY KEY (`neptunKod`),
  ADD KEY `kar` (`kar`);

--
-- A tábla indexei `users`
--
ALTER TABLE `users`
  ADD PRIMARY KEY (`id`),
  ADD UNIQUE KEY `neptun_kod` (`neptun_kod`),
  ADD KEY `user_type` (`user_type`) USING BTREE,
  ADD KEY `neptun_kod_2` (`neptun_kod`);

--
-- A tábla indexei `usertypes`
--
ALTER TABLE `usertypes`
  ADD PRIMARY KEY (`utypeID`),
  ADD UNIQUE KEY `utypeID` (`utypeID`);

--
-- A kiírt táblák AUTO_INCREMENT értéke
--

--
-- AUTO_INCREMENT a táblához `eredmenyek`
--
ALTER TABLE `eredmenyek`
  MODIFY `eredmeny_ID` int(11) NOT NULL AUTO_INCREMENT, AUTO_INCREMENT=322;

--
-- AUTO_INCREMENT a táblához `fajlok`
--
ALTER TABLE `fajlok`
  MODIFY `fajlid` int(11) NOT NULL AUTO_INCREMENT, AUTO_INCREMENT=14;

--
-- AUTO_INCREMENT a táblához `hetek`
--
ALTER TABLE `hetek`
  MODIFY `hetid` int(11) NOT NULL AUTO_INCREMENT, AUTO_INCREMENT=8;

--
-- AUTO_INCREMENT a táblához `kurzus`
--
ALTER TABLE `kurzus`
  MODIFY `kurzusid` int(11) NOT NULL AUTO_INCREMENT, AUTO_INCREMENT=3;

--
-- AUTO_INCREMENT a táblához `tesztsor`
--
ALTER TABLE `tesztsor`
  MODIFY `tesztID` int(11) NOT NULL AUTO_INCREMENT;

--
-- AUTO_INCREMENT a táblához `trophies`
--
ALTER TABLE `trophies`
  MODIFY `trid` int(11) NOT NULL AUTO_INCREMENT, AUTO_INCREMENT=3;

--
-- AUTO_INCREMENT a táblához `trophies_desc`
--
ALTER TABLE `trophies_desc`
  MODIFY `descID` int(11) NOT NULL AUTO_INCREMENT, AUTO_INCREMENT=3;

--
-- AUTO_INCREMENT a táblához `trophies_for_students`
--
ALTER TABLE `trophies_for_students`
  MODIFY `id` int(11) NOT NULL AUTO_INCREMENT, AUTO_INCREMENT=51;

--
-- AUTO_INCREMENT a táblához `trophies_for_students_sem`
--
ALTER TABLE `trophies_for_students_sem`
  MODIFY `id` int(11) NOT NULL AUTO_INCREMENT, AUTO_INCREMENT=2;

--
-- Megkötések a kiírt táblákhoz
--

--
-- Megkötések a táblához `eredmenyek`
--
ALTER TABLE `eredmenyek`
  ADD CONSTRAINT `eredmenyek_ibfk_1` FOREIGN KEY (`het_ID`) REFERENCES `hetek` (`hetid`),
  ADD CONSTRAINT `eredmenyek_ibfk_2` FOREIGN KEY (`kurzus_NEV`) REFERENCES `kurzus` (`kurzusnev`),
  ADD CONSTRAINT `eredmenyek_ibfk_3` FOREIGN KEY (`neptun_KOD`) REFERENCES `userdatas` (`neptunKod`);

--
-- Megkötések a táblához `fajlok`
--
ALTER TABLE `fajlok`
  ADD CONSTRAINT `fajlok_ibfk_1` FOREIGN KEY (`hetid`) REFERENCES `hetek` (`hetid`);

--
-- Megkötések a táblához `hallgatokurzusai`
--
ALTER TABLE `hallgatokurzusai`
  ADD CONSTRAINT `hallgatokurzusai_ibfk_1` FOREIGN KEY (`kurzusID`) REFERENCES `kurzus` (`kurzusid`),
  ADD CONSTRAINT `hallgatokurzusai_ibfk_2` FOREIGN KEY (`kurzusID`) REFERENCES `kurzus` (`kurzusid`),
  ADD CONSTRAINT `hallgatokurzusai_ibfk_3` FOREIGN KEY (`HNeptunKod`) REFERENCES `userdatas` (`neptunKod`);

--
-- Megkötések a táblához `hetek`
--
ALTER TABLE `hetek`
  ADD CONSTRAINT `hetek_ibfk_1` FOREIGN KEY (`kurzusid`) REFERENCES `kurzus` (`kurzusid`),
  ADD CONSTRAINT `hetek_ibfk_2` FOREIGN KEY (`tesztid`) REFERENCES `tesztsor` (`tesztid`);

--
-- Megkötések a táblához `kurzus`
--
ALTER TABLE `kurzus`
  ADD CONSTRAINT `kurzus_ibfk_1` FOREIGN KEY (`koktato`) REFERENCES `userdatasoktato` (`neptunKod`);

--
-- Megkötések a táblához `tesztsor`
--
ALTER TABLE `tesztsor`
  ADD CONSTRAINT `tesztsor_ibfk_1` FOREIGN KEY (`kurzusNEV`) REFERENCES `kurzus` (`kurzusnev`),
  ADD CONSTRAINT `tesztsor_ibfk_2` FOREIGN KEY (`hetID`) REFERENCES `hetek` (`hetid`);

--
-- Megkötések a táblához `trophies_desc`
--
ALTER TABLE `trophies_desc`
  ADD CONSTRAINT `trophies_desc_ibfk_1` FOREIGN KEY (`trophyID`) REFERENCES `trophies` (`trid`);

--
-- Megkötések a táblához `trophies_for_students`
--
ALTER TABLE `trophies_for_students`
  ADD CONSTRAINT `trophies_for_students_ibfk_1` FOREIGN KEY (`trophID`) REFERENCES `trophies` (`trid`),
  ADD CONSTRAINT `trophies_for_students_ibfk_2` FOREIGN KEY (`nepKOD`) REFERENCES `userdatas` (`neptunKod`),
  ADD CONSTRAINT `trophies_for_students_ibfk_3` FOREIGN KEY (`eredmeny_id`) REFERENCES `eredmenyek` (`eredmeny_ID`);

--
-- Megkötések a táblához `trophies_for_students_sem`
--
ALTER TABLE `trophies_for_students_sem`
  ADD CONSTRAINT `trophies_for_students_sem_ibfk_1` FOREIGN KEY (`trophID`) REFERENCES `trophies_desc` (`trophyID`),
  ADD CONSTRAINT `trophies_for_students_sem_ibfk_2` FOREIGN KEY (`nepKOD`) REFERENCES `userdatas` (`neptunKod`);

--
-- Megkötések a táblához `userdatas`
--
ALTER TABLE `userdatas`
  ADD CONSTRAINT `userdatas_ibfk_1` FOREIGN KEY (`neptunKod`) REFERENCES `users` (`neptun_kod`),
  ADD CONSTRAINT `userdatas_ibfk_2` FOREIGN KEY (`neptunKod`) REFERENCES `users` (`neptun_kod`),
  ADD CONSTRAINT `userdatas_ibfk_3` FOREIGN KEY (`kar`) REFERENCES `karok` (`id`);

--
-- Megkötések a táblához `userdatasoktato`
--
ALTER TABLE `userdatasoktato`
  ADD CONSTRAINT `userdatasoktato_ibfk_1` FOREIGN KEY (`kar`) REFERENCES `karok` (`id`);

--
-- Megkötések a táblához `users`
--
ALTER TABLE `users`
  ADD CONSTRAINT `FK_userT` FOREIGN KEY (`user_type`) REFERENCES `usertypes` (`utypeID`);

--
-- Megkötések a táblához `usertypes`
--
ALTER TABLE `usertypes`
  ADD CONSTRAINT `FK_uType` FOREIGN KEY (`utypeID`) REFERENCES `users` (`user_type`);
COMMIT;

/*!40101 SET CHARACTER_SET_CLIENT=@OLD_CHARACTER_SET_CLIENT */;
/*!40101 SET CHARACTER_SET_RESULTS=@OLD_CHARACTER_SET_RESULTS */;
/*!40101 SET COLLATION_CONNECTION=@OLD_COLLATION_CONNECTION */;
