-- phpMyAdmin SQL Dump
-- version 5.2.0
-- https://www.phpmyadmin.net/
--
-- Gép: 127.0.0.1
-- Létrehozás ideje: 2023. Okt 20. 22:13
-- Kiszolgáló verziója: 10.4.27-MariaDB
-- PHP verzió: 8.2.0

SET SQL_MODE = "NO_AUTO_VALUE_ON_ZERO";
START TRANSACTION;
SET time_zone = "+00:00";


/*!40101 SET @OLD_CHARACTER_SET_CLIENT=@@CHARACTER_SET_CLIENT */;
/*!40101 SET @OLD_CHARACTER_SET_RESULTS=@@CHARACTER_SET_RESULTS */;
/*!40101 SET @OLD_COLLATION_CONNECTION=@@COLLATION_CONNECTION */;
/*!40101 SET NAMES utf8mb4 */;

--
-- Adatbázis: `szd_jatekositas`
--

-- --------------------------------------------------------

--
-- Tábla szerkezet ehhez a táblához `eredmenyek`
--

CREATE TABLE `eredmenyek` (
  `eredmeny_ID` int(11) NOT NULL,
  `het_ID` int(11) NOT NULL,
  `kurzus_NEV` varchar(40) NOT NULL,
  `teszt_ID` int(11) NOT NULL,
  `neptun_KOD` varchar(6) NOT NULL,
  `eredmeny_PONT` int(11) NOT NULL
) ENGINE=InnoDB DEFAULT CHARSET=utf8mb4 COLLATE=utf8mb4_general_ci;

--
-- A tábla adatainak kiíratása `eredmenyek`
--

INSERT INTO `eredmenyek` (`eredmeny_ID`, `het_ID`, `kurzus_NEV`, `teszt_ID`, `neptun_KOD`, `eredmeny_PONT`) VALUES
(1, 1, 'Teszt kurzus', 1, 'BATMAN', 20);

-- --------------------------------------------------------

--
-- Tábla szerkezet ehhez a táblához `fajlok`
--

CREATE TABLE `fajlok` (
  `fajlid` int(11) NOT NULL,
  `hetid` int(11) NOT NULL,
  `fajlnev` varchar(30) NOT NULL,
  `fajltipus` varchar(5) NOT NULL,
  `fajl` blob NOT NULL
) ENGINE=InnoDB DEFAULT CHARSET=utf8mb4 COLLATE=utf8mb4_general_ci;

--
-- A tábla adatainak kiíratása `fajlok`
--

INSERT INTO `fajlok` (`fajlid`, `hetid`, `fajlnev`, `fajltipus`, `fajl`) VALUES
(1, 1, 'Teszt file', 'pdf', 0x255044462d312e370d0a25b5b5b5b50d0a312030206f626a0d0a3c3c2f547970652f436174616c6f672f50616765732032203020522f4c616e6728687529202f53747275637454726565526f6f74203135203020522f4d61726b496e666f3c3c2f4d61726b656420747275653e3e2f4d65746164617461203237203020522f566965776572507265666572656e636573203238203020523e3e0d0a656e646f626a0d0a322030206f626a0d0a3c3c2f547970652f50616765732f436f756e7420312f4b6964735b2033203020525d203e3e0d0a656e646f626a0d0a332030206f626a0d0a3c3c2f547970652f506167652f506172656e742032203020522f5265736f75726365733c3c2f466f6e743c3c2f46312035203020522f4632203132203020523e3e2f4578744753746174653c3c2f47533130203130203020522f47533131203131203020523e3e2f50726f635365745b2f5044462f546578742f496d616765422f496d616765432f496d616765495d203e3e2f4d65646961426f785b20302030203539352e3332203834312e39325d202f436f6e74656e74732034203020522f47726f75703c3c2f547970652f47726f75702f532f5472616e73706172656e63792f43532f4465766963655247423e3e2f546162732f532f537472756374506172656e747320303e3e0d0a656e646f626a0d0a342030206f626a0d0a3c3c2f46696c7465722f466c6174654465636f64652f4c656e677468203139313e3e0d0a73747265616d0d0a789c958e3b0bc2401084fb83fb0f531ac1cbee19933b08013de30b5388110bb148a1b131f8c0ffef696c041bb7d91976d8f910ae2f5583340d0b371f83c265d5d4e89c1ebdd926c8328cc60e572948d16b8c491884811da8be868958598ddb418a6d178d14a3528a70c2605614a13c4af14a13180929a3232431a9d8a03cfbdc74cd84faee7fa36e2d7fec548a5d4a6c8799f58b732fe92d9dcba2f6b047b99022f77d2b29fee4d33ff8ac56147ff1bda95a960e82af3ee485c313fd283e680d0a656e6473747265616d0d0a656e646f626a0d0a352030206f626a0d0a3c3c2f547970652f466f6e742f537562747970652f54797065302f42617365466f6e742f4243444545452b43616c696272692f456e636f64696e672f4964656e746974792d482f44657363656e64616e74466f6e74732036203020522f546f556e69636f6465203233203020523e3e0d0a656e646f626a0d0a362030206f626a0d0a5b2037203020525d200d0a656e646f626a0d0a372030206f626a0d0a3c3c2f42617365466f6e742f4243444545452b43616c696272692f537562747970652f434944466f6e7454797065322f547970652f466f6e742f434944546f4749444d61702f4964656e746974792f445720313030302f43494453797374656d496e666f2038203020522f466f6e7444657363726970746f722039203020522f57203235203020523e3e0d0a656e646f626a0d0a382030206f626a0d0a3c3c2f4f72646572696e67284964656e7469747929202f52656769737472792841646f626529202f537570706c656d656e7420303e3e0d0a656e646f626a0d0a392030206f626a0d0a3c3c2f547970652f466f6e7444657363726970746f722f466f6e744e616d652f4243444545452b43616c696272692f466c6167732033322f4974616c6963416e676c6520302f417363656e74203735302f44657363656e74202d3235302f436170486569676874203735302f4176675769647468203532312f4d6178576964746820313734332f466f6e74576569676874203430302f58486569676874203235302f5374656d562035322f466f6e7442426f785b202d353033202d3235302031323430203735305d202f466f6e7446696c6532203234203020523e3e0d0a656e646f626a0d0a31302030206f626a0d0a3c3c2f547970652f4578744753746174652f424d2f4e6f726d616c2f636120313e3e0d0a656e646f626a0d0a31312030206f626a0d0a3c3c2f547970652f4578744753746174652f424d2f4e6f726d616c2f434120313e3e0d0a656e646f626a0d0a31322030206f626a0d0a3c3c2f547970652f466f6e742f537562747970652f54727565547970652f4e616d652f46322f42617365466f6e742f4243444645452b43616c696272692f456e636f64696e672f57696e416e7369456e636f64696e672f466f6e7444657363726970746f72203133203020522f4669727374436861722033322f4c617374436861722033322f576964746873203236203020523e3e0d0a656e646f626a0d0a31332030206f626a0d0a3c3c2f547970652f466f6e7444657363726970746f722f466f6e744e616d652f4243444645452b43616c696272692f466c6167732033322f4974616c6963416e676c6520302f417363656e74203735302f44657363656e74202d3235302f436170486569676874203735302f4176675769647468203532312f4d6178576964746820313734332f466f6e74576569676874203430302f58486569676874203235302f5374656d562035322f466f6e7442426f785b202d353033202d3235302031323430203735305d202f466f6e7446696c6532203234203020523e3e0d0a656e646f626a0d0a31342030206f626a0d0a3c3c2f417574686f722841647269656e6e204761737061726f7669637329202f43726561746f7228feff004d006900630072006f0073006f0066007400ae00200057006f00720064002000610020004d006900630072006f0073006f006600740020003300360035002d006800f6007a29202f4372656174696f6e4461746528443a32303233303933303134353331362b30322730302729202f4d6f644461746528443a32303233303933303134353331362b30322730302729202f50726f647563657228feff004d006900630072006f0073006f0066007400ae00200057006f00720064002000610020004d006900630072006f0073006f006600740020003300360035002d006800f6007a29203e3e0d0a656e646f626a0d0a32322030206f626a0d0a3c3c2f547970652f4f626a53746d2f4e20372f46697273742034362f46696c7465722f466c6174654465636f64652f4c656e677468203330323e3e0d0a73747265616d0d0a789c6d51c16ac24010bd0bfec3fcc124366a05114a552c620889d0837858e3342e26bbb26e40ffbe334dac3978d865deec7b2f6f328300020827300c211c4218f01931e6338628e2e63b44a308062144e3094ca798083b8014334c707bbf1066ded5b95f9454e17a07c11e3029e04d38b359bfd74886ad646ef3ba22e35f29071225dd43abea30b68e28b5d6636a4bdaa88b6414bf4439f69257892b1db669e2498affd7986e7e4d77085beb257b19eb0963b916e6f8045ba61eec0d33ca3dae481dc935b5681ef59729b5a1eca424a1343e0c3b28afad69b1f3fa4771f187bead3b1fac3d3fa797cef544e425a4c78dca9dede0cf13df1d3cd7aab445a79195fa481d6ef31da6154e55b8d445ed7814ed4bc2d563e8b8aeaebc1e5965f737c7aaa2ebae81cf1df47bbf9b2fa5bb0d0a656e6473747265616d0d0a656e646f626a0d0a32332030206f626a0d0a3c3c2f46696c7465722f466c6174654465636f64652f4c656e677468203234353e3e0d0a73747265616d0d0a789c5d90cd4ac5301085f7798a595e1797a47a5584122855a10b7fb0fa006932ad019b84345df4ed9da4972b3890c0c7cc397318de768f9db309f87bf4bac704a37526e2e2d7a811069cac63950063753a53f9f5ac02e324eeb725e1dcb9d1b3ba06fe41cd25c50d0e8df1035e31fe160d46eb26387cb53d71bf86f08333ba048249090647327a51e155cd08bcc88e9da1be4ddb91347f139f5b40b82e5ced61b437b804a5312a3721ab059584fa994a3274e65fffb4ab86517fab48d355f544d342dcddca4c0fa2d0fdcd4ecd4ea7426dbb53537ccf0e79433ec425be5e63a4e4e55a25720e6b1d5e0e1a7cc8aafc7e011575778a0d0a656e6473747265616d0d0a656e646f626a0d0a32342030206f626a0d0a3c3c2f46696c7465722f466c6174654465636f64652f4c656e6774682032323539362f4c656e677468312038363437323e3e0d0a73747265616d0d0a789cec7d07789455daf639ef3b2d994c6626c9a44dc2cc30249449082401125a0652e89dc124b48414820608bd08184141a328ae1545455761572c93013458b1bb8a1dcbda715dd7866d574584e4bbcffbcc09e557f75ffffdf4dbef9f27b9e7becf73ca7bfafbe4225c619c3166c3878e55950e2f99faec6333aa19ef730d63ca37a5c3c7163ff8ded4b18cf73621bd65c2949cdceb1faedecb18bf00b5aa6ae65737ad58ffe860c6ceba8231d554b37ca97b5fd3ebfd18dbbe8731fdfdf54d73e7af7b471dc0d8826d8c597c731b57d5cf6d79f17cc6763431e6beada1aebaf6c8b85541b41783f6fa37c061b923ed30d22548776b98bf7465e365e603487fc4d8bcdb1b17d6547f3ef6c357187b320dc5a7cdaf5ed9d43b3ae333e437a0bc7b7eddd2ea6bd76f5fce78de16a4cf5b503dbfee86a3dfcc66ecf852c6fa2c695ab8646987936d643cfb2351be69715d53fcdcae298c9dfd141ef7291373611878282a3ef385d9d6c1dfb0140c1b76dfa76b0e087e6dd48a093f1c3dde1cf599a93f92514c6164a86760ed8c3f16bdfd87a347b7477da6b57492a5dc2e3cce5eec72666383a115700edbc4585c7fedb99ca93a1fdfc2f4cca4dfaacf43935d88d517d84685999862d52b8aa25315dd07ac77c77ed6ed6cad07b07153dc6ee6672ce300f5c1788392e966bc43e4a9f7e863c54859822ef6446ff8f3ecff7b33bcc66effadfbf0bfc57475eca693d36af3a9e9ff696630fcf7f44f3d7cda3c4c60a37eb45c054bfbef78fe8f3e6b1e2bf9b59e254c97cfaa4e79fe0f6ce6aff9fc88fd7b4c799a6d3d39ad7ad8a41f2ba7bff354bf7227f3fcd267eae37f79dd7fb7a93d59c5ff4d39e5af6ca4d2c646fcabedf36f59a3d2870de77f61de1f6d77001bfeafb619b188452c6211fbe5a65cc7a37f32af8a1dfe35fbf29f626a3f76d16fdd8788452c62118bd82f37ddc3acfe577fe67c76c9affdcc88452c62118b58c42216b188452c62118bd8ff5e8bfc9c19b188452c62118b58c42216b188452c62118b58c422f63fdbf8d67f5e2662118b58c42216b188452c62118b58c42216b188452c62118b58c42216b188452c62118b58c42216b188452c62118b58c42216b188452c62118b58c42216b188452c62bf8675dcfb5bf7206211fb8d4d0d232dfc97a4b62105a55cc074ac19e964668347fc792a0bebcac6b13ab694ad66dbd30bdd5119073ab4bffd841c37726ad9e2537278c7373863df89027c7247cda79b0e777f7748f829094022da3ea527ea68f56a9ecabbf08bf9167e2d33f0cf34ff57a7ff8d2bedaf5ad15fc452d8cf1b3fd1f22f989b7f6effd25fbc1163fbc93c1af389f4815fdea95fc5d47f6b6bbff15ef3576e3c7fe992c58b9a162e98df78d699f31ae6d6d7d5ce993d6be68ce99515e581a953264f9a3861fcb8b163468f1a39a2acb4a478f8307fd1d02183070d2c2c18d0bf5f4eefecac1e9919ddbc5d5dc909769bd5628e8e32190d7a9daa709655ea2dab720733ab82ba4cefc891d922edad86a3fa244755d00d57d9a96582ee2aad98fbd4927e94ac3fada49f4afa3b4b729b7b301b9c9de52ef5ba83cf9678dd6dbc725239f4e6126f853b7858d3e334adcbd41216243c1ed47097263794b883bcca5d1a2c5bded0525a5582f65acdd1c5dee2bae8ec2cd61a6d863443057b789b5a798fa15c134a8fd281ad0a3359c463836a4669756d70e2a4f2d212a7c753a1f958b1d656d0501c346a6db9e7893eb38bdcad59fb5b2e6eb3b13955be985a6f6df58cf2a05a8d4a2d6a694bcba6a0dd17ece92d09f65cfd4132865c17ccf29694067d5e34366672e70378509f61f3ba5bbe61e8bcf7f067a77aaac31e4386ed1b26a41862e734215f6a86bea187189fc723fa72519b9fcd4122d83ca99cd26e36c71962fe1c5f4550a91239fb658e2320729a654e67f52aaf472c556955f87b794372b0798e3b3b0bb3af7d67e01bf9eea09a5935a7a64170755d8bb7a484e66d6a79d05f02e1af0e8fb5b4b54f0eca57576110f3c4344c2a0fe6789b8209dee154000eb758837953cab52ae16ac184e220abaa09d70ae69496887eb94b5baa4aa883a22defa4f27d2cafe3bdd67cb773771ecb6715a21fc1c4622c4a66694b796d7dd055e5acc5feac77973b3d417f05a6afc25b5e572156c96b0bf67c0f8ff3684fd46a616ca7959685c5c88d192677b9e2542bc46ac1e12ec38777f86064d8b05c5a52ace8f0c1ee72ee64b2189e122e21d429ed20a166148f1459aaa85a3cd2e9a9f090fd4c979ce13ee93382a693dab2c1d1d9277ace4f768d4a8b0ef57497d6959cd4c1531ad5873b186eedc7fba988b9083f18354c623947ca2c350327173e05cd682eb18ac9ee209be82ef7d6792bbcd843fe89e5626c62aeb5f51d33c53b665265b9b6dae15d32f59414e517502ac83cc89609a5187bb0cce794cbaaa54768e9cee4c8d3b247c96cafe8574b4b6d2b5333c45676b6724de88b2faa084ef0557883737c5e8fe8677656ab89c578a65615e3ac96e1baf396557bdd3677594b755b47f39c9656bfbfa5a9b4aa6120ce458b77546d8b774af960a7d6f9c9e56b9dabc5b3e3d8183e66ea7034a5b0e1ad5e7ec1a4563fbf604a65f93e1b63ee0ba6968714ae14570daf68ed86bcf27d6ec6fc9a57115ee11409b7488896262361d2ca3bf7f9196bd672759a434bd7b471a6f94cd2c7594d9b423e1b3d28537b901ff14a4d9b8e72fcb2b40e3e13f99aa9748f706913726c22e75ea688984c6492b53231c1fe68bddfe48ff2c7281605532a5c2178ee45d928ce76c7700b77b6a2cdc99abb8d37b746f99dfbb49626874b36a3a4f03577fad07351eca486f03c1a78e0c4080295e5bb6318dad73e5162b830ecc2e406ec21bc4f4addb562ffada96868a9aa10b7074bc45ec5370f72ef501654bc43d163434c30da5b373c68f60e17fe22e12f22bf41f88dd8f93c9163b1c5a5db52e5c5458c1353ce9c9cce9a2a9a74b775744c2df73ceb3c5ce1c1599a01549607a37c78b9e93346a3dc08812ab847049b6baa453f58a05cd435668caaa9c0b9940da2c8a860145a880ab78012655a1d71de50a9067baddaab49b871753457042b7ce2a1e5f32ab4f36a0bb291de81414326b5a9cf140fcaa96889f3e66a970fce7a74c6264151e81b9b524e1e27927858054d9231063daff122aba6ca4d7b640ace32bd2ca29de4a9c39dafcbacd310ed0c6732312c35c36c890e46f54683f816dadc5bdc39fa0c634505755e4b6d0a17c0b36d41337a9479d254862b607690354af405df9bd05551f461d1cca43636d9bb1257a7e8b4d69211d9414bc6a86abcdda8be191e6f81ac6c1297a039dcc663e4358a91c760de7125b475ecf4aef29c64b83bc4db4fec3fe6dc8783ca2a5a4e7704a7fbb2b34ca77b2d9abba5c564f9f10a345f264b276b4e25a346bc15c062c369fbcd5d2a5e95ded1adca789fc65ce396d15ebc41940c01043a2a8e8fc75d5b214aa1cb13b5bbec270bf1930a89d7b4d6788b6d904cf1708a16b32538f7d4644367b24c00c160466f8a21301471d762af9ce90c366267ca226245dc2d6e9b77a0577c689547085461913a8f05b63f769d3834cd35eef239d8ec68b0acaaa5ac4584a835d5e1690b3f29b8c0774a9338171c9b070d89e1049b27baab2adc55084df9a4728fc789d30876d7234ef5568b57c1441acfc44a2d54a96e115b9c2152a970068d7831d557d7793d788304c50d44b32ffaa80b1f1be66c69f1b604b5735b86c2683e13c76e94207c37f9bcd5752284ae1711749d56b70cddd56647b4e62cf5e22cd7c1adcd25260e57df1cf151d32202f499553ecc84bd25aec55dd8822b7826de1ebacc9a695578558937925b5bea6a275298845122558186a860548628484740f466beaf75a631e38447fb5ee8a3c226ad55f46c727970a22ca29d272116f9824a520132c5e0f9e4ca72794fa9227b14a6d78f5de514b5dd41656a797879b4faa34455a75c30aa068ff60e099fafceb78d7c0fcd70624e7fd28f97833a6c8af294f2042b602ee5c930bfcd0a94375840f933f835f0eb617e15fc0af820f865f04be017c10f811f043f00be9f05984e7993e5035301b553d502b70007013d3b0b2d7166467dce1294475809500b2c05ae00f428fb20f26e418b9cb995f3f64425f3d158d00d52ac97e25c299aa538478a7552ac95628d14674bb15a8a5552ac94628514cba55826c552299648b1488a2629164ab1408af952344a719614674a314f8a0629e64a512f459d14b552d44831478a6a29aaa4982dc52c29664a31438ae952544a512145b9146748314d8a801453a59822c56429264931518a09528c97629c1463a51823c56829464931528a11529449512a458914c5520c976298147e298aa4182ac51029064b31488a8152144a5120c50029fa4bd14f8a7c29f2a4c895a2af147da4c891a2b714d9526449e193a297143da5e82145772932a5c890a29b145e29ba4ae191c22d854b8a2e52a44b912685538a542952a4489622498a44291c522448112f459c1476296c5258a58895c222458c146629a2a58892c22485510a83147a297452a852285270295858f00e29daa5382ec531297e90e2a814df4b71448aefa4f8568a6fa4f887147f97e26b29be92e24b29be90e273290e4bf199149f4af189141f4bf191147f93e24329fe2ac50752fc458af7a53824c57b52bc2bc53b52bc2dc55b52bc29c51b52fc598ad7a5784d8a57a578458a8352bc2cc54b52bc28c50b523c2fc573523c2bc501299e91e26929fe24c553523c29c513523c2ec563523c2ac523523c2cc57e291e92e241291e90e27e29ee93e25e29f649d126c53d52dc2dc55e29f648b15b8a9014ad5204a5b84b8a3ba5b8438adba5d825c56d52fc518a3f48b1538a1d52dc2ac52d52fc5e8a9ba5b8498aed52dc28c50d525c2fc53629ae93e25a29b64a718d14574b719514574a718514974bf13b292e93628b14974a7189149ba5b8588a8ba46891e242292e906293141ba5385f0a19f67019f67019f67019f67019f67019f67019f67019f67019f67019f67019f67019f67019f67019f67019f67019f67019f67019f6f0c552c8f887cbf887cbf887cbf887cbf887cbf887cbf887cbf887cbf887cbf887cbf887cbf887cbf887cbf887cbf887cbf887cbf887cbf887cbf887cbf887cbf887cbf887cbf887cbf887cbf887cbf887cbf887cbf887cbf887cbf887cbf887cbf887cbb087cbb087cbb087cb6887cb6887cb6887cb6887cb6887cb6887cb6887cb6887cb688717ef16a24d392fd465a80b3173a88b03b49e52e786ba0c043553ea1ca275a12e31a0b5945a437436d16aa255a1f461a095a1f462d00aa2e544cb286f29a596102d26e7a250fa705013d142a20554643e5123d159a1b452d09944f3881a88e612d587d24a407594aa25aa219a43544d5445349b6816d59b49a91944d3892a892a88ca89ce209a4614209a4a34856832d124a289441388c6138d231a4b34866874c8390a348a6864c8391a3482a82ce41c032a0d39c7824a888a898653de30aae7272aa27a438986100da69283880652f542a202a20144fd89fa5163f94479d44a2e515fa23ed4580e516faa974d9445e423ea45d493a80751776a3a932883daec46e425ea4a4d7b88dc54cf45d485289d288dc849941a4a1d0f4a214a0ea54e0025112592d3419440ce78a238223be5d988ace48c25b210c5509e99289a288af24c44462243286522481f4a9904d211a9e45428c5899846bc83a85d2bc28f53ea18d10f444729ef7b4a1d21fa8ee85ba26f42c95341ff08254f01fd9d525f137d45f425e57d41a9cf890e137d46799f127d42ce8f893e22fa1bd18754e4af94fa80527fa1d4fb448788dea3bc7789de21e7db446f11bd49f40615f933a55e277a2d947406e8d550d234d02b4407c9f932d14b442f12bd40459e277a8e9ccf121d207a86e8692af227a2a7c8f924d113448f133d46f428957c84520f13ed277a88f21e247a809cf713dd47742fd13ea2362a790fa5ee26da4bb487687728b108140a254e07b5120589ee22ba93e80ea2db897611dd164ac47dcdff48adfc816827e5ed20ba95e816a2df13dd4c7413d176a21ba9b11ba895eb89b651de7544d7126d25ba862a5c4da9ab88ae24ba82f22ea7567e477419e56d21ba94e812a2cd441753c98b28d5427421d105449b8836861cd5a0f3438e39a0f38836841cf5a0f544e7861c015073c881cb989f1372f407ad235a4bd5d750bdb38956871cb5a055547d25d10aa2e544cb8896122da1a61753f545444d21470d682135b6804ace276a243a8be84ca27954af81682ef5ac9eaad711d552c91aa23944d5445544b38966d1a06752cf66104da7415752d315f4a072a233a8bbd3e841016a652ad114a2c9449342097ed0c4508278c2845082d8dee343091b40e34209d9a0b154640cd1e85002e2023e8a5223894690b32c94b00e541a4ad8042a09259c032a0e2534838687e2ca40c388fc44454443437178bff321941a1cb2578006110d0cd9c5d628242a08d947800684ece5a0fe217b25a81fe5e513e585ec59a05c2ad937641703eb13b28bb39943d49baa67d313b2887cd4582fa29ed4580fa2ee4499441921bb98a56e445e6ab32bb5e9a1c6dcd48a8ba80bd54b274a237212a512a5846c3341c921db2c5052c8361b9448e4204a208a278aa30a76aa6023a7952896c842144325cd54329a9c514426222391814aeaa9a48e9c2a9142c48998bfc33ac725d06ead711db7d6ba8e41ff001c05be87ef087cdf01df02df00ff80ffefc0d7c8fb0ae92f812f80cf81c3f07f067c8abc4f90fe18f808f81bf061ec5cd75f631b5c1f007f01de070ec1f71ef85de01de06da4df02bf09bc01fc1978dd7296eb354b5fd7abe0572c8dae83964cd7cbc04bd02f5a7cae1780e781e790ff2c7c072cf35dcf403f0dfd27e8a72c67ba9eb4cc733d6169703d6e99eb7a0c751f457b8f000f03fe8efdf87c08781078206691ebfe98c5aefb6296b8ee8d59eada07b401f7c07f37b017797b90b71bbe10d00a0481bbccab5c779a57bbee30af71dd6e5eebda655ee7ba0df823f0076027b003b8d59cedba05fc7be066d4b909bcdd7c96eb46e81ba0af07b6415f87b6ae455b5bd1d635f05d0d5c055c095c015c0efc0ef52e437b5ba2c7bb2e8d9ee0ba247aae6b73f4adae8ba377bace57335ce7a905ae0dbcc0b53ed01c38775773e09cc0dac0ba5d6b03e6b5dcbcd6b976ccdab3d7ee5afbe65a7f9c217a4d6075e0ec5dab03ab022b022b77ad08dcab6c64f5caf9fec181e5bb960574cb12962d5da6fe6319dfb58c972ce37d9671852db32d732f53639606160796ec5a1c608b272e6e5e1c5cac1b145cfcde62852de6d16d1dfb772f76762903fbd72cb6d8ca160516069a762d0c2ca89f1f38131d9c573037d0b06b6ea0bea03650b7ab3650533027505d5015985d3033306bd7ccc08c82cac0f45d95818a82f2c019283fad606a20b06b6a604ac1a4c0e45d9302130ac607c6c33fae604c60ecae3181d1052303a3768d0c8c28280b9462f02ccd96e64e536da203e3d3d013e6e4c3fb38fdcef79c5f3a75cc1974ee77aa71d65457aad2d39ac28b27a4f08529e7a45c9aa25a939f4f56fcc93db3caac49cf27bd9bf445922ede9fd4b377194bb425ba135587185be2b8a9651a179510f7eda78dd595e8cd2cb33ab8d5e17228a55f38f846a67237e78cdb40aa0965f67087ab4c7d808b5fa8d333ceb7b0a9be316d2636794cd034717a905f10cc98223efd932a83860b822c5039bdbc95f34b2ab4df490826885f2ad1d2e76fdeccd2878f09a64f290fa9dbb7a70faf18136c16daefd77487d00c452a7cb3962c5be22bf70f61f6f7ec5fda55c743b6e76d8ad5caadd60eabe2b7a2f3d65857ac223e3a62557f6cdf0165568bcba2888f0e8b9ae8b7c023c6d73d66e2d432abd965560245e60966c56f2e2a2ef39bb3fb94fd1fe3dc2dc6494ff62d9d858f594b96fab46fa42af83291f409aff85eb21469f1b54c4b33dfcf1a1503cd5e025b2a9d4b7fbed6ff74e3bf7507fef38d7e93675887721eab553600eb81738166e01c601db01658039c0dac0656012b8115c0726019b01458022c029a8085c002603ed0089c059c09cc031a80b9403d5007d40235c01ca01aa8026603b38099c00c603a50095400e5c019c03420004c05a600938149c0446002301e18078c05c600a38151c048600450069402254031301c1806f8812260283004180c0c0206028540013000e80ff403f2813c2017e80bf4017280de40369005f8805e404fa007d01dc80432806e8017e80a780037e002ba00e9401ae004528114201948021201079000c40371801db001562016b0003180198806a2001360040c801ed00debc0a70a28000718abe5f0f176e038700cf801380a7c0f1c01be03be05be01fe01fc1df81af80af812f802f81c380c7c067c0a7c027c0c7c04fc0df810f82bf001f017e07de010f01ef02ef00ef036f016f026f006f067e075e035e055e015e020f032f012f022f002f03cf01cf02c70007806781af813f014f024f004f038f018f028f008f030b01f780878107800b81fb80fb817d807b401f70077037b813dc06e2004b40241e02ee04ee00ee0766017701bf047e00fc04e6007702b700bf07be066e026603b70237003703db00db80eb816d80a5c035c0d5c055c095c015c0efc0eb80cd8025c0a5c026c062e062e025a800b810b804dc046e07c563bac99e3fc739c7f8ef3cf71fe39ce3fc7f9e738ff1ce79fe3fc739c7f8ef3cf71fe39ce3fc7f9e738ff1ce79fe3fc739c7fbe18c01dc0710770dc011c7700c71dc0710770dc011c7700c71dc0710770dc011c7700c71dc0710770dc011c7700c71dc0710770dc011c7700c71dc0710770dc011c7700c71dc0710770dc011c7700c71dc0710770dc011c7700c7f9e738ff1ce79fe3ec739c7d8eb3cf71f639ce3ec7d9e738fb1c679fe3ec739cfddffa1efe0fb78adfba03ffe1c6962c39293013963c7b1663cc780363ed979ff27f4726b233d912d68caf8d6c33bb9c3dc4de6473d806a8ad6c3bdbc1fec882ec61f627f6daffeb7f8a39d9da57e9e7b318f51e6660f18c751ced38dcbe0368d3c79ee4b91ca9789dfb84a7c3d6f1f969becfdb2fefb0b5b719e258b456d7a2bc04efdff9f18ea378e522ddd15fa4954dd056adc657c61bdaef6adf79da1c4c62956c3a9bc166b22a568df1d7b206360f3373166b64f3d9022db5007973f1598fd46c94c2f5a2e913a516b22660315bca96b1e5f86a825e124e89bc455a7a195b81af956c155bcdce666bd8daf0e70acdb30639abb5f44a601d3b072b732e5baf29c9e4d9c0ce63e763d536b10bd8853f9bbab053b5b08bd8c558e74bd8a53fa9379f92da82afcbd8efb01fae6057b2abd835d817d7b16da779afd6fcd7b21bd88dd83322ef4a786ed494c8bd9f3dc1f6b23bd95dec6e6d2e6b306b3423725eeab5396cc21cacc108379cd4639abf159db3b50e6317636b098f7425fceb4faab13c3c8fa2e40694a456681d442b6b4f9b892d1803e91323a2d495daf84f784f9e959ff3caf9d876d2cc5ca7a5843addfb53fa2a763d4ee04df814b32ad4cdd0a46ed4f4c9fe1b3acb6ed7d2bf67b7b05bb1163b3525993c3ba077b23fe06cdfc676b1dbf175429fac88ef6477682b1764ad2cc476b33d58c9bbd93dac4df3ff5cde8ff97787fda14ecf3e762fbb0f3be441b61f37cd23f8929e07e07b28ec7d4cf351fa11f628d2a214a59e604fe2867a9a3dc30eb0e7d9e3483da77d3e85d40bec25f6327b8d5ba05e641fe3f3387b41ff018b65c3f0e3ffbd98e76d6c169bf5efbcdd4e377d2a73b0ed1d473a56741c5147b27a3e1501e4ed58a53dec62fcc4bee04449ee62d1baf75902dbd3f1ad3a03dce3f81bfa86f69b3bbe607adc9a4bd49770cba9ccc80ad938369e5d1d3cdf577e3fb3204a496403f9debd8e921253b6f14144200a7323863131ce8bfd569d62b92735b5c87b4f3fc366d53eaa8d67ef29326e46745e74fc9de3cfe51c7fe7705c61ce619ef3f6a1770ed9be7ace5e989377e8e0a1be7d9cfe8454cb3d8da8dacf7b4f633fd5b0b951b51789fafea8c622bf62dcdc8846928b7ca9cff99ecbf13de74333be3e7d2bb8dd63d79010ab188d09066fd7de4abfee99fdf3f272872afdf233bd5d6315cd97df7fc050352fb78ba22648cf5045a4b9fad2b14a75c27183b2ce5b342d4fdf25d59a6031e895b4e4b8ecc119b629d33306f74e37aa4683aa37197b0c18de754c6369d7378cf67447627a9cc914979ee848b71b8fbfa98f3dfab53ef687625de30f57a88641338abaa9d7449b149dc1d0d62539a5d720cfa869d6789bce1c6fb3279a8c71f6981e25338e6f74a48936d21c0e6aebf838c6d9ed1d470d3eccfe60f6aa9875bfad6a68d350c5d2a74f524e4e74efe4e4d4b68e8f76dbf838f097bbad61b668fcedee188d3fda6d16acd8fd5dbaf58d89894e46f1689b557ca06074344a4527a348f4bdf8b18b75ecf7a720c1baf59f644e4eb2e424f7ed6d70f598e40ac405f40156048b4b2ab4e715f19c83be43da3b3ed79e67eb54f6c221397979f6bcbe7d6662197fb48de4138d60d132e412d8bd3c5615aa3bf7da3b9df962f5ba28493c8f63c98474187ca604574a9227dea4b4e7a966477a82a34b8259691fc14d09ee946477bc31cbd9e0eed32d398aafd0f38de6545766ca7cab333e26d51463d4eb8d3126dddc1fae30461b559d31da8025dadae9dfd1ab5b4c6a0fe7b133d41d5d7aa598a3e2d31dd8d23731a61ec3db3f8eb9d850dafbf1f8099ab15425c11f1595fc7d6cadf37bfd5c5674b808bb39bc85636293bf6f8cadd53bbf6f4416366b91b645c5c0bc5d33b58179301a637e6f38ec6287aac746b53cb5f987846edd12b8bde5e10d25c11e814d8d976da9df5891a5b82e3eb07158ba47bdc5935e7ade43eb265f3c77e0b1cffbd65d2dfe77b6e85f2cfa97c5ca45ef5a53bbb7a1630951ee78773c8b4afd2e33d39072c452dbfd8881fa48a7eed9c2c29c1cdba15cd1d9f8ccd4ef1a51cc9272a4d1526be87ea4d110ee73f86869abe439a9df0ecd613f4da21b46b3e1f8dfc4189438a3d9a843dad85ec5e71acd265535416fe53b0df097c4a5da8d341ea3cd1917976235b51f30da52e3ed293663fbad465b8a36b28ea3fa3a8cac809d2946b627cb91dd3db98d77f8a3ba5a72a2b3b3bbe6478b949d75ed579b9d6856d3336bd31b6c0dfa06b951c5363d941b874d19575888c1da0b0bc578ada717977bf2f41d6930fcd31d99e8d0d719e3dd4929ee38a3d27e91cedb03e7384a6ddfaa18e3dc2929ae38636672a32bcb83edd853c77363523c3dd3ea53ba25c9d951571c3b2f2646354419d435c72eecf43ed9d52db6e2f17ce5a92ebd52cdeeaee2ffe9633ed46d988f3ce667b56246f6b168c5b1a7afcd67cf17bf7c9239c82e96de9ae6b37f38685052e1b7eedaa4f06c68ab5e88ed997bf010e6e2556d93c6f906d93f6c444977e1b78de1b2622ab4652f3c692eba77efad7a4f9d04b9f4c62e6a525262a27ad246de667264a4393d8e68759ab55b9f61f973b583e949306167a7569d3fbd4f7abfb17d9dd9191e5b45b4f133479f31fe2b2f193a3e3725de884950a362cd5ff72ac9496d9fd03919cf78d233cbe60ecb9f569a6b337bfaf87b7c9c9aa2bce31dec4b69bf332547fc5fc1511d9f2bc774b96c0c3b8fe665b812b737333f333f365dfcae0d8bedd3c62dfea8c2a1dfa717eb7df5d836f6bbddf17de29578ec274bab7e1e5e4a07671e2ec2d41c3f7858ec9a38713ec42cb5166a752d8d85bea1df376ad5e345fddd8df17a5139d488da382c8ff9446d903ce75d7b1be48b85de409d6983233c93e295e448e862508e0daabf644adeecb1fd6c46bda2e0b498b3cbaa07678f1de0f29555ceac1cd12b7fc69a91bd2617f78dd5f2a38c513d874cceebeecf4ace1a5139ab724416ef3e7ae984ac38679acd6c73d812d213a2d2bde9893d0765f61c9293d12bafb47a987fdee89eb6c414abd99e6c8b4fb59b52d3531d1979e9bea1bdbbf7c82d9925ce5b1af6d750ec2f371ba8dd244c87edb43bd1aab3b5f1d8ddceda68b1950ee7f29cc7be7a1c3313d23945c69e462d071bc797ab8ddd80eba073ab78e4fb55bb20865a63db0f45c57952525d09a6f643f25a503e126badbe99e139b6be73d5d799ecb8199c76a3d1ee14bd2bc13d9781def56495b4c636a5fa6e7702be58a6f805b568b7d6cd94dae8cc366e6dd56ee45cadbb87c2979de8b33b4594dadb88627a512e14be9f73a9f79d379de8f3002e94ecbc43dbeedc939b886ea083c79724bb7426bc44df6ff7d86c3a538c49698c898f31a8266b4cbb4761b1d6d238a7cde4eae2b1262639e395673ddde2c5681053f4b43a1c29f1c7fb6aa7baaae3b0ba0d3f996622beba5f7bcbbb8a0671b3b350bc9f0bc5fbb9d066131f7867178a3775e17dfc7bbc7e723ade13affa9c700890130e01348e09fbcd8295687f74bca7cc5cd8dda98bed25fe913879747e1bd7ed8e1da71f2b5614b7837657d26bfc60f86d5ea8bdc4a365c56451734f63f2e85851774fa356592c3aae8bd36ece7e746fd26e4f4cb2874f8143cdcc0cef78ed440c50b719ed690922ee19b1757acdc567f4c89d73d9ec091bfcc6045732eed3a81dc56b4b8aca07a438f2a70df30cf197754fc1ab1a9b23c6b462dcb4711b5ae72cbdefbc11a5c58ad968116f708bf178e9943306cf59e32f595f3724ae57715fccee4cccee56f569e663f9ec136d767be5f42feabfb0bf1aefc6ecc5bb3165f1f19e2c1ba62c4bcc6e9698f62c9bd5c6c766b5f1eff796f86ef1293e4cea5e94f4e5ebda68dac19f8b69d6d2668d3fda232ae9c47c7b3c594f36ebb6e894fd3afe828eeb7469396f658e4efea42ab62956898dfa246d5cf8c211f7f2cc458b0f87273ff76ddf4c4d881bd8a72d40575dd6938dcbb5363273de6acc1c1d9bfc49238bb5c52a5635362dea9346b425ae9fd9b366d20b7ba64f9ec2f03ce7d1556d3839d47574efafad8551ddda3de578a84b59d3247feda89c18bcbf5545359afb4f5be45fb873f1c0c18bb6d79c796555f60e75d58a213386765514a5bb67ccca69bd1da90e636c4a9c25de1a634e498e1fbaba6df5d27de796962cb9ae3c7efd15bdc7d60d1067766bc7516527663f8f6dd4dee04dfd78a6351c9b5ac31b14fca53673d670f06a6de347fcffc5de97c03755658dbf977d5f9a364dbabed29db66992ae2c42429b36856ea4a58020344dd2369026214929206aada0a03802c3a2cc8ca28ea38ca380b88d6b1daaa288bba8a38e388ecb281d65e61351a1fdcebdef254dcb32e8ef9bff6f66fe7987be77ef7d673fe79e7b5f1e4de308930af6a126259c50a0882428bad92661c1ec1c79025597801217ea2dda720d81bfb0d370c6ee2fc08822cf18a686468daaccb8f2f2a31634c62b09f8c180c7ba9bc5130a0489a959095a7dd9d44c411cbdb3e4c5a524aa5315fc6cf3d429a9d28cac5409874db23bd4694aa1502888d7d5579cd927100b381c38b1d709c44258cec4826bcaab73e56c8148249425834fe68e0eb35e069fd4910a9c8f92e23933e734cdb96acede395c33e30233e3233333a9cde8cdaa8ae92b98ab185dc9f74de959c62ca32419e56d322a17c9a85c242bc4e804b4c98f9127f1c65e041d42628271097aa99b03fc664af64a5812dd0715a22f95cdca76a55fc9ae505628d5d3df332773f367ab3fe736a03d23786f58896ae8658a610578fc32a812ccf69f5e27e98ffb70be6657e83ef028455f7a08a5424929d9329a63fef4f73c982757fdb9878b5316af97982dcadda8e8702e7add7cb964c940a37ebe45af1671605f292e98d95639b9da989c6b6a9e37d7949b6fbbdc96659d9a9fc067b3d9b0db174e2aaf2b9e6cca4fc833d9e6b598724999c5035992a88dcf4a572529f8c954725c6679764e695efaa482196dd3cbec758592b8048544ae56a09da95aab5665ea5372cbf2a84993a7b7127434b93d5c1fb195f8078ae6d34425f93ee1221683cfcd849f3cf66056beeaf2f550484c53e55a798fd96556c9e52ab38bd37035d170b9357db8b7a672f1b29a395fda9a6ded36bf8dadb3e96cf34b5ec859367bfee7350debe5c35aeb4628b8fb85381268459b59120986124f01b4cd1d82225c0c47dc14f43c6654fce9cd8f141fe125cf547ab9b5377dd8430bb2cd81c8d81436ca0691c1b29695bce0016935f33ff7803cad7cd8a3b50a91c8073c423a4e68719c5932162a2cb58029f93c66b3ccac942565a591f8b026c62be182f15527e6e444ea53025db57868dba90e57316e0f0baa7f7a5eb1bad6694abb5c1ec71548056bb4ba59f97955faa4cc54011b6d8d2695cd8e0ef28553a4a879f90c6d419c3a51bff89a56dbdad6c99f0aa4424e9cfcb372ab3a3b259ecf13f0388b946aa5582c17f2b2e7041b59322a0bf64ffcd9d3e75724a7186af24db353a8b47364c7d40be7d654bb2587c7d3587366f9e6ea746d57cf5bc25726a9b2a811d1654b85222157a681ecca18fd8ad5c3b98f984a6cc4f5339f5066163135a188a915454cad28623602454c5d2d42655492282d1aceb4a64a8713ad0694467c3a8d8ea0c259c2acf44786f06320b01ef6006ea229513aec49b4f20d3809f84c1224298ecc641e063967c5fc425163f5081454be2eb1c6694abd928ed915f0c8849678c1670209f676456d62564abc802be47216a54e52c8c6fbfa281fb038420934cee923ce6b9c7760d2fd06f9e88162b30cfd6fed82c60568d6a54b6749530088b28256a2d16ab64e9b4659f556967581ac60b8cc1a874ccc6e581ce51a9863c6a1cba614cf846935545c820b1c3da73e3216233f6969368455616589d9d6b205b2b282614f99353b0e6f8cb21bf88bc7390ee68f5181d667c4739c0333a2bc9470aea914766b466485529ecbc39cd704cab47c342b66a68d98a37c094bb93c2defdcae279f16400b9635c1a73808b2cfca6b21e51320e551103214321113843177c729e39552a9f47cd121c9f0672923a3e788d442d8eebecd7e04f662edcc0e7ef46b935a2225eb7314e85c0c38a5c26a214b98ad7c94641dd05ae5b970ddcf9d13d9ca5f76e43283bea020f9816c2d42817dbc55ce4548b08f9ff323f7f190996ff30432c199a309c91c814c44de38729542c5114a852c8e58093b4d181be9257f0305815783b6ee291993646ab556c15a96918d1e4c7832b59292691293146776f015c9b0dbb4b29e65ade129892ca28c7e4a7940a82d7b9c5c00dbf52272a349a14cefd10ad979fbd42b8cbf9084d84166f73d05efbedffcc8883f9e50612475de3e8f7a85c4f80b0f466476da53f04e9b643eddbca88d7679056b8d3643a996f38aedd3672d9a92449997ce34d8f2f8f2a4f8f824056f435e6d5e5669ba5c9266ccc9aad3b1fe22917278429eb9d850dce49e5e136c2ac8c921755c0187cde608b8232d3a1d555a95995553965150869e5f6ac1662f3799c82674c45afcdca8e3a05fae4b562a93e1096bbe299148566d93c984ba2d14dac66af2b7522b84db35a1f0a7512b221f04c395f9482a5da6dae6011a8e6e8b87e090c96ca0a3f2b77aa8151ae1760fd0863f9e42eb51f803e0717b5e75029e663967ed7859de24d5c896b8fc59869c99c60c9148209b5460a8a0b66fcf9dbdbcba0666d0751c4b756669968ac52192b4b9974c568be51255528a56261172b76eaf59d13839af6649b9b2664e625e691ada03785887c9d7c00345440db2ffc0a424428e0c9724898672574c9227a4f9138263fbd513437138ced25cd19067ecfe45ec52cb9159f41e9543be066b215720962728e52954a69aaba0c3a9cdcc4cd44ccec954c932d47cf0f7eb4a8d8ccfe571c59abcd4917b20b01c145d964602476d7a5ea28023e0c912c18a59ac67c961b06226b1819e9d53c8d687a842aa50a27d949c674a252493b71c337c6d6019cab76aa770b35788b60c2a5f55b294eaaddc50f4e727978dff00c5946d98bcc54319f440995dbed5836995a22d788308b9aae4aab77ab8a1b18718fc31ca65e7de0f96c37621dce58c6d2f6067011e19ce9ab9b08c9aa64b8787702e9f234acd2bcf2e9a317946ddcc7c6aca5c635a496e92980b77b83c755671bab1a060e6ec9993d97d05b38a3462b95c9298205549b88a38f9a4dc948cc4c43c5359eef402b5502215c11da5842b5548f393d23235eaec1928ea99e0afbddcdb0923d186a34e64a6e7a2a82b547271ba2f77a756bc53e52bb8854fe7f911b44b3b3274e2d9b786904f12d27daadc9d1eadcaa412eff4a87cfc825b3cfc5064a12da067399dc0f482503e7e99558fad01e5f8ddc55e9e489d96216f6f6d148bc592061e33bb6f809ef8066a72520e8fc3e3b2d80ab5460c5b9ac54bc81c4d6a8ae60a2e147b0e9caed0a4a46a46fe6630ca39e2389c0daf91ffc39511b9443353abc9771e4e8b0720263d4abe6b120b3394b7687df2cc5ddc00047f10fe8dfba0c524cbd02a6ff100063773970770c0b441f8178e6aa436ab3223b519723b9ec7c7af66c8ff61f384fc91ebe5f12c9e883ffcb15886b2965caa508ae45f7c873f2814c8e3a57c7582462497c3b34e7d52b20cfa71895a554afcc8835c693cd42652347a927c9fbb844820f2896c64c743dcece406450d4cc60f5e062d1fe6669b701f265fd2072f474dbd32760ee36cd5c4b7444ff2d15b9a9438be92142464a62467260864426d5e7a7abe4628d4e4a7a7e7698564af40829e032502f6639238099727514a7e989251902c16271764641469c5626d11aa9ec3a3c3e45ece52ac6125fd7641cd72121491c09af2b0583119f47513a0ac6228fc6ee16134684a461f3a26a1f128a573d9a5e7537a3b5f9e9ca04e56f048254f9595923c49c5170ad559a92939894261624e4a6a965a4896a1d722f0a0c4678d4a14222e170adf692a355723166b725353f3b42291360f74be81ddc9dac5ed8df66a724eada216bc7ac488bd9a6cc27de4d523c6715e65f4e14f185127b0aee12912e3e234725ea2283e235193112f2447ae1b37a6cf615f1b762bf94ab83562183fa650108482e8242ee52ce234127c424e2412e990c7c54405d4b65aa289984f2c25ba081fd1475c45d6e367706f73b7a7d553b96aedf4b579fe5061886a77663905d67a493d61aae6542bf4a5f1a59eb521677d75696975bd33b4d6c34f59b05893323bb0b271e5ac3557d65c695ce62df7265dba246d499cad4dddc69a3a833743345927d3adbcd2bba46d864e37a36d89f7ca95fc9cce8e493944f191e2234afa81ad18ef2e8f182f7c221145dc8fa14073b0f2a7e967ca2134c5493f56451ce6cc4965a525c65ce6aa62ae89cc357c9f3fa13ff13af13e5f3dbe9f3d817f581efb4d7d69a97e1b3a7d5b62283164a1d64885118efb4a0c8612960d9dcf24a101d63511dc33f7eb4b8dc62cd2505a6a209f47374716a3f3b7087b1b6ab177c0490fbd91b74b4a0c1f4287dc098d36c4ed7238914f1a8bcbce58a1b55daf2f65510cd2081f1a9f23b2774bf5a53a688c8e123f63bdc2fe90fb398b2718442fdfc37d621abd2bde5fa445bf0c96a917a10b9159f6286bfd43ba44313b2d0fb5d282ca203718fd826bd8a81846d1fe3d51762ecce8775b9149873e96a10b46a6eaac575baa1255f8652bfb43be429ba04a96f1ff4a0ae56ab9422d1392ef93245fa18151393f4d5593486915bc17d86ff0e312b471b3452a8990f5312cbe70f0b92cd39927d868d5e1f038d03e18193f9a94002c9467fece92c625c9795c89523aee1baa25c813c9f8b470a11ebc34fa18ff26969eff0dfa6ee3fd50828a4bf406764642460d6be599ebf9df7462aaa7ff3d80bcfa3f025ea38135e3ff189ebb7860b73070720c38969f04fb7f1a70db69e0a5ff17c31e1af89bc740f0340dc2b9170251ceff09ec3c1bc44af1d6f3c237921b25a7c740ba340631f80f857dd12013fd1bc1e218c4e0bf1be47b7e32ec8f410c62108318c4200617038af218c420063188410c621083ff32a88e410c62108318c420063188410c62108318c420063188410c62108318c4200631f82f80793188c1ffbf807fafac883509ce6cd46429f0081bffe69e0cf7509b45c838fb98369bc8e23cc5b43951385c42c3f933d3e6458df389959cef99b68098ccbd92690b098a3fc0b445acdd117c31d1c6bf83694b88c9fc534c5b2ae309c27aca88d980c3fc461d2950e7316d92e027ea99368be06bfa99369bd068ae63da9c281c2e21d1dcc6b47951e37c629ae65ea62d2012d4c54c5b4828349f326d11d91cc11713059a934c5b4224683398b694cfd696336d19910d386c82e40841b938ae9f69d37ea6dbb49fe936ed67bacd89c2a1fd4cb77951e3b49fe936ed67ba4dfb996ed37ea6dbb49fe936ed67ba2d9569a8294c9bf6f31e82228c849e301095d06ac0df341e207c44107e3a89108c55e16f68a7bfa7dd0e236e6879091ddc31131e008ab0c15817d10df782b8e782ab0bb057c2d9099852c20aad0e1871117d80d104dc5cc0a395588d5b14510f9c5703df5e2cd103ad2eac09053f3efc1de781880c2aa2b39e2881564ea457411462f976e0e0075c0ae4da410ee2e1209633b8b3a1d70da3e86e2fe8178cd8d38abf693d8835389f3e9dd80f14310bfa1d70078ddab117c6db48f3f1319652584a2fdc75607bc3deed03da001ee9052c27f61a05e3dd78ac81a8039d9077dc98ce8bfd3a0dd3bb30868be80199c8cb4e7ca6188dc2b8141e0fe298ba419770f4c6ec40f743a0851b2883e0852a6c8d1b5be28ed861879f1ea0a035a4edb1631914136b3770445ced808778ad865e1fb442380ee83bfc3ba0edc13a05b02f90bde86f0474319ea2b986b04db44c2fb6c88135f56229411ca73a1c954e18b1e3efa80f601b297ca563e1c636d1be08e2ac0802573b93af28627e663c2ca507f878b07ffc8c965e18e9c152699e41eca9310d90443fb625fc370c68dfd2ba7b70d6a04ce86632176985beaf1ffd1d8410ee7971acc3794dfb8c9642c7d1cbd8e5c3beedc098631a475b84bcb60ad3d1562f87be0ecfdde868e6626e3d98c36aec875e669646fb3b9c7d5e269391fd745c02381bc239eac2b14699eb8f5843ebd8c5e004a1b786e11e022be808ad8c44c98e7304cd809e7176852b8f0334b163f90e46be0e57972e1c2b74e7ec7a35f52cabdb98cc09677e39703142e5387fa687b04c27ce4424657924066333f3ec3ad9c5e4b53f828d32978eb817f05d3877fedfd45b51ace2fec754dc7ad0c441e4e15996cfdca7885a9c153eac590800d5aba944318013fb1651f69c953d3a26e78aa1bd1ae75017ce22149bd5308afe520bede330579aa707eb8034e8c4dad2758ee675ae1c0de23cf763db692f84e9505417621974a5598d3d4d7b26148976183b5c171c4ced46b3bc10fb00e1f999ac88aed37eec572f531f682e2ea66f676ab20b571437b690d6ae03eb118ef2c48885180a3a7f02678d74466c28bca84a40af0a4eecd310b3fad0f393965b189133d102ba8af6317ff1a5fb3c3eeb632c75e399e6c1738a9ef967fb1ed1d02b4b1ee0e78fcbe07373a775f8a9be8d9e1ff4ea4e31eb730847ce316e9d9c68c1d8aa3851af695139802ca16da1770be15a1988ec3c9c78edf5e23a623fafa574eed9c765155d0f7ccc99b68a6ef7e2f942d727275ec7dc4c6da1f9204c0faefee7cf51ba8a7b99c88c710fcf1077d4aea21bd73b37e36754d5a5b85eba181bc23b8cb097c76775218e8c1db79d44787f35b1ce4d9c097913ea820bd7e93ebca370e3e8a3a8da610c79a80b30c2f78a199e4b27d4ce7c66f68e558bb1dd40589b1fb33a5de46a40a54ce0511fe641a546b219fd45253a4ee1aca177271e661519cbee0bad70e1ac3cff2a8722d71c9939c1a8bd081d6f3a0b5c8c2cba627b99b817629b03ccea13de57d0fba22e26cee13ca6f3cacfec7768093ebcefb6633bc3996227c656f989f5ec5f108b8887ecd876e4373753eb9dcc5c75307b6d2fd6357acd74e3dd7810e726a3e3f9630bed96f1eb3c443b3fca47cea82784e8f970d1fc88b1a79a30f6b9ab5be184ea16f6fd446a0f7e2a704fb03bacd7d81e6c6cd68cad44e1181612e1a733f41416eebba232c48f9fbf3c38dfbaa356585aeb0eac8b8b59a97a23b18cae25740c8b998807f12cf1447408cfebf1b974f15e8d5ee1692ba3579af1393de6893eecc79e9f18c7f06ad08b9f2e69cfb8a23470e2339239e6976580e1885a3b4217a8c774e577620bc22bded471559cde8dadc4ed73edbabd788d08af32d1cf67e175e25c35653c5510d70a3a561d8cdde75e73ede7896820627d1067a91773a767d1d94fbe3f3503c2eb9b95b0e0bb4d440df4e6c36a69c3237530464115b5c19d36e855c368358ce402460b733f17476a3e5e87ac80370faf71340f1b9c1ba1bf10d7b81a82c27dd49b03f88dc00bd15a8805588605b8b5604c1be6dd00a3f570b5307888a20a46e6411fb56b7115a4e5350215fd0c51c7ac89b4a6ad304e452c1caf551d9618d6ac017a36e06f65ee9a81771de687f447f26b70bb31a2670da3a919fb0871463cab40a37adc43a3f3e0da0c782d58be19db4c6bdb886da881fbb42d16ac0192ac636ca5f1907fda983b284648bf7a8031abccd80756accd98ffaae0da0c9a23feb570b715af104d40598d2d6dc1deb3303e43d6d6e3de985574a4aab035c8abc807d5d06e809fda88ef6cf84ceb628be236de77f3f1fd312cda3e3373aec29e6bc23d3a1a55b8d78a6385ee1632b1b4613b264a9d8f33d182b1ccd8e2964886d4e0eca5b50f67272da3294a135a1e8a6db42ee1aca62e3047682ee1fbf398489fed17e47533f609d2ab2522f97c9c616eeea18c7a4325d5e076047c415f6788aaf205fcbe803de4f6797594d9e3a16ceeaeee5090b2b982aec04a975327b5ba3a02ae3eaac9eff2b6aef6bba87afb6a5f6f88f2f8badc0ecae1f3af0e200a0a71d6975039e8525148d9ec1e7f3765b57b1d3ec772189dedebf652d65e6710c969ed7607294f349f4e5f809ae5eef0b81d760fc548041c1f08a582bede80c3452175fbec0117d5eb75ba0254a8db4535d4b552f56e87cb1b744da3822e17e5eae970399d2e27e5a14729a72be808b8fdc83c2cc3e90ad9dd9ea0aecaee717704dc48869deaf101439063f706814bc0dd4975da7bdc9ed5549f3bd44d057b3b421e1715f0815cb7b70b9402d490ab0728bd4e7040c0eb0a0475545d88ea74d943bd0157900ab8c00a77086438828554b0c70e7e75d8fdd046243dbd9e90db0f2cbdbd3dae0060065d21cc2048f9033e8806d216b87b3cbe3eaa1b9c4bb97bfc764788727ba910f23568062460a31764f93aa90e7717664c0b0ab9568580d8bddca5a318337383548fddbb9a72f4424869bd91fbbce0e4801d6c09b883c8a32e7b0fd5eb47628063178c04dd6b003de40383562293ec1404a087968592c7d16d0f8062ae80cee6eaeaf5d80391bc9a1a163d15e543591bb80885a05c672c19e7fa50c0ee74f5d803cb911d38a491ccec028ffbd1b0c307e67bddaea0aebed791670fe64314a9da80cf17ea0e85fcc1a9c5c54e9f23a8eb0953ea80a038b4daefeb0ad8fdddab8bed1d90670815303dbd0e7bb0d3e7058703d698b060afdfef7143e2a07b3a6aa1af173cb69aea85140aa16445c3c8110e086dc8554839dd413f24301d507fc00d771d80e282ab1dc2e80af4b8432160d7b11a5b154e477015e48d2f106e7422098567db0e79e0ec75840a513aae04da4244131600f1e9eb763bbaa334eb03a16eafc3d30bb93fa6bdcf0b9992e7cea7a745143a70b890b6f42c825c87b8074301b7834ec8b0009c87615ed3b007f2dc2005e6042a250134739cbe3eafc767778ef79e9d761564169803e1438dde901faa80d385cc4438dd2e8f7fbc47a12e41eed2e828206e3c4fbadd1dee10aa4fd25650b9d387660b5299717521d5610f82ae3e6fa452848390c7e482cbabeb732f77fb5d4eb75de70b7415a35e31602e656a4a3e8417a7059e0388cdb98be0b98ad7eb0c463dc27803b979990f6c42ae81b9e481c286dd3dbe4c22578e2b945269330a4e104f1eb01b5ce0022a486cf08cb390ea0c40d1435304266217d88c7c0cbe82880239e5eb8062e7454eb1e3421dceb38bb70229640f067d0eb71de507cc332859de909daea76e0f78260f711c672dd5c254ea37f2b1464e5c0de9389c130fd759341c956e854cba21edc3b73d6ec8535a36e215a0572a90802711b2b010d5727727babab043fcbd6050b01b4f5860ddd18b266f100d325902161683e141172ad13ebf9baea8e755959ef020929e348ca7b1127dddbe9e0bd888a6416fc00bcab83003a70f6a28d66599cb110a27d8581e43f23bdd78e24da5531ccad84a57d482ebf585d094a18bb99b99c674a630b782dd683de8708d9bb9f6284303487c3004c9e4861045569e0b3900cd37ab856a69aa699d6fb659a8ba16aad9d6d456576da9a672cd2dd0cf2da4e6d7b55a9be6b55280613337b62ea49a6a2873e3426a4e5d6375216559d06cb3b4b4504d36aaaea1b9bece0263758d55f5f3aaeb1a6ba95940d7d804eb7a1dcc4460dada4421810cab3a4b0b62d660b15559a16b9e55575fd7bab090aaa96b6d443c6b80a9996a36db5aebaae6d59b6d54f33c5b73538b05c45703dbc6bac61a1b48b134581a5b61c96d8431cad2061daac56aaeafc7a2ccf3407b1bd6afaaa979a1adaed6da4a599beaab2d3038cb029a9967d55b6851605455bdb9aea190aa3637986b2d98aa09b8d8301aa3dd7cab050f813c33fcab6aad6b6a4466543535b6daa05b0856da5a23a4f3eb5a2c8594d956d7821c52636b02f6c89d40d18499005da385e6825c4d8d8b08a0a0febc16cb982ed516733df06a41c4d1c83a69ecb540ecb5c08ff06decb5c0bfeeb58008ffc45e0dfc67be1aa0a3177b3d107b3d107b3d107b3d30b19ac75e118c7f4510f64eec3541ec3541ec35c1bfdd6b02989bf4ef1a10c4a886b89638d7c162fe473e41e6c1753afe9ffd173aaad93b2512127048e7c5e24ba5187ff7c5e2cbe518fffd8bc55728103e4b73b1f84a25c66fbd587c950af0e14aa0df50e0607c0e817e43a11a88930829994624919b886c7233a1277711d3c897885af66cc206144b01af6b02edf228da04a0cd045a1dd04e01da6aa09d0bb48b816219e00526d07e10459b08b439406b04da19403b1b681700ad13288280b7763c2db9308a560bb4f9405b06b466a06d00da4540db05147d80d73f81f6dd28da64a02d04da29405b03b42d40db01b43ea0e807bc8de369591d51b4a9405b0cb49700ed1ca05d08b46ea0ed038a8d80f773948f020129101d3c78171cb7dc22e09202be40b06a031cab785c92c7f76f38d5dfbf8ac726799c63fde8e071481ecfdf3fa8571ce373083ec7f4b5090e3dc2e01ea34ca6fe6302921470306e3fd1cf669302eeeeddbb054252207ea6ff99fe3b00b6016c0010724921880bcb439cdb377fdddfef474deebec109f2041c42c0319d2d5048924246202d5188240a45a4503208c7eda6db4d5b316c0210f1489180c3e18436ad5bb76e5388cf23f98255ebd69deeef5fcbe7907c466a3f6a83d8fe7685e298904308b98c5c931edff95a81247f2d2259226e44723f87438a789be11089499174b07db01df4d8bd85da425d0fb00e40cc23d1df99ffe7e2b9249fbf0a3c21107c7d7ef16292250e8b67e48bb17cb19414cb0735839add79bbf3365b375b9183d70bd60b0604123e2911b2e0985a330047cd54018f14082aab910ad595020e29e0313af4e36cf06f001f0836f8455cb0cd643a85b53055e27ba7040a8a32f59f92902c09af7fbc22123e52442223258a6329c752be9efe6ae13b9e773c87ea5f7a6968d3f39b0e4a0e4aa402522a62c331adeb203abaa60905a45038bdf3b9e74606073ba6e3f478e7d8207d0879a450b06a68f0d8aa14c9a655622e98dade7eaa9d3e2af1ddd3128d46dfde3e785aca624979839183181ce4f248a9e02574d095265c87501d66393dde2ea6ad0bd2ed36d43607ec1d859439d0e32da4aa56073c8554adcbb71c9f03700eb8a08d3ef52fa4eaed21ef8fc3c63a90580ff849bd0daef1b44aa93bf503a93fe709275f6bbdf65b29c967ed1e485d0743fd2c923488f5421eb740c666257109bd9d272ae0911c72a082457276b7e8e7ea0ba34652ee48eb4f81a28ba009ef4f7df889113dcfcc40a0cf8862c689bf937dc5bd6fb53ed8f643fad33ba6edbddb31b72deb8add039a79fa01ce41fd00fbdedd6c16c962a94a40c5e756f59793bd49ee0056f839bd34a22dc905bdfab09aec791c9e8a35afc5a0d22b5147a012cdb707bbdddeae90cf6b50e8656890afe2db5cce1e9fd76948d3a7a011912ae19cafda0d19fa74749fadd28cdd6f75f7b88a5a42f61e3fd55c65d6a7254a0de5fa29fa0a4345596559c9a5d0ad8ceaeaaf3ef02fd14caa17a3fb6215a7a1a9d966c8d567d3dd346f95db8f5ec155b758284b4be3d49a326365514945454551a5b9a2dc90adcfa42d4a39a7452df48b4cfd003929dac32497600f907202c645ac01582def136726dff3e286bcf8f28f0f765fc65b97d76bbe2eee9e5fee2965b5df7e5fcdc322e9efee7a435a63f97cefad29ff082e19f59d7ef8e6a2ed279333379c9c7be0b35fcc6f3bd370f88eb2df7f623fdc15cf4aac3eb531a1767791e82662efe1eb06673b5fa87ceaa34d055f1cbcb6e4e182c1a47ddfe5eee2e9fd951f3ea11aea7f6576fbcd2b3efee8a0ef91cd536bffac10df1bd8b0f8caac2ad9d1dfde9d51bae18fbfebdbfcc947f2b53f4fbc36f346ed1bcfaf78eeae93fb9a0b6fbbf4a54bf791cf6f1b18227f4860b98e7b9f4a248aaee36eb97ec98d159b84b73dd579ccdbf3d6b1ddb3dffbd3b65bd75cf1aeba73909c5cdc94fbfda59f9c3a91faa58c7372b9252dfe8a41e78ef75efdfd68cdcbcb9e0ea6b3d8308fee1c2085e011ae3e155c9a2ae3a839f16f3e7dd2b86f8341fea976db89194f1bbe5fc4920b710ea56672347a757f7c66e9a9776d357ed1b0e987953f1c28d877b0ec805cdf8a10d2390dfa39fabaddb5bb2dd75631ef3e1d01cf8417e6fee56e345accbc7a0e1647c288a288830859a90314fd029e00262697cb27494ebd7eb6de1aeeeb59d74e6704f4f5f59d4b802b7001ce21bd0ae99bcd91e84561966cc18409c9465972f322e2fdafeeb4def097e6295ddbb2067d373d65fa70ca6f0a1b3616deb3708651b4eca5d38b133937eb9b5e1f95dcb1fe4fd97fe04c157cdbf817f2c09fbc55aec66397e82cfefcded79bdc4dea55075ebe7cc657dadf35ecbfbfd768cbe2eedcfc8ef58f9f57ffb0d9ae5eb8e4c8fe8279db6fb32d7e66509fcbffdbd1fadcd5070e7e3bbb4caa6db8d3f0ecfb6f244dba3157586aaa78f9566bcaf5bdd757fdea9dfcd607efa9f0c4df7a6895e711ed6faf5b756785f32972ebf10f4c572d552a5ab7712ffde35507f2e6c4dd5a3a7043715e7b85e24457d29b03c1f73e34fef061c99d1f9bca329ea85864ecf61d7ea7e073d2eed8b273c3a75f7cbd8fb5f7bb6f179ffef0ea83a5573e38f783e4f4e3b6e3dfeb07782494b1bf4695b1a1bf6e3cb5e6eae6bf8ee2323614ed353194b12bff25c5224f9f434ffaf4e8fb4e17d5e2eec22f9e21b0e87f1c197035abd0571a0c463d40295dcdc6bafad0bf443fe63efb3cf7ff6935da70fda35907f937edea5f9d703aa7fd746043e1f7ff73e7ce0d3b6a1eb9f3f0d28dc5534b74695b567dbf764ffa00f9d09ac3494fb05facf9f2d95bbefd8193faf7f5a2d149dedbffde75c9b3b99a4ff2d2bfe16c333b8e7ffc58c2a661d5aeb23f55fa5b7dd38edf6711eaeb9e79ea26fd2d92c32b5ff836b85dddf7da0d8f6f7b5eb09e1a4ebba7ecc48a3f1c0b1173ae7ffdfd2d5f1e5d3572e3f7f7b56fb8e4c9dfa7dfdfb1f3e967d7eddf7cffd1bd056fb4fe50f6c7232bb67e9a367a7cc5f2c3570956868e29e65adf3c411cb2d6dfc92ffb64a1f4ccda5f1efaf4d28fd77f7374973cfd67bff9cbbac4678ebe785b2af9fc19ebddaaad253b33acc6537fc8ba8378e0a99617aff1e62fbafaab4a6fff3f1e3fae127f19ae46fde091b574b9c946e526b232d70bc8c84c654795abc3473bd6bdd23ee58bd1ae3f2c7efdd0e3f73e725075b3de866e2b39508b7e5dabb74c5c694af546d4e5aa0a8c257abdc158e0a8d4977694b9ec45a5533a4a8b4a8d2595459525e5c622676599a1d36e349695763ac69540abd7f94933f78d81df2656544c7aa8e79e177b59dbcf5f02cf59a17cfe20ae82902e90c790c590c0287f97a25391bea2485f894ba03daa04ced3c36e25aa045afea9807015bc8088905e82148707c8510e4b4f4c98ceec011649f0d4e9efcdff43f3a1cca63be6ae7a7bf8d499234fbe3578e2bbe4b6e19643ee5aee5b43878ffff9f42d8bb62f5556e60d722daa63bb566f78a2f3def71eff92352ff3914b3257997bee3f7582b874db2dd7a7bc24dcfeeaae946afd9ebbd4cf3f56bbe89b82d21b6ebb6941c5c1c694bd935e541c796740b1a7ecebfb271dba29eb3757dff0616eca5f3a5337ced08dce67373ce3bd66b7f1cb070f1437b75dc6db9fb0e950aae391a0e4e3a36b72e4937758ee365e3363c78cf9757d991b47f62b9ebffe1341c2dc670b2e352c9ab26cc73dbfdeb07c479eefc4d0fd5f3c69497ca9a3f1ea875a936a7f76f35d3d83dedce74ee5a61f1aa6f688f79f7859bc6bdb9f97fdca7dcdede56ff75023ebdf1a3df8e8ce72e1c825f1cfdc1cbf67f0da97be1a78e6de7959559a87aceb575dfbea77afff6aa6f6ddf88d9fdd785b77d686ee697b9eef6fccf94c9051ef38f3cb9f2734943cd4d6def4f6ecdf57fe6c54f7c1fea5bfae5afec2aa57f63fbefca66b3cd7057efbc55d3fdcf641d2d129a79d2ff4cc107cb2f69afdf73d71e76397bfb2a3edd76b161c8eabed783de3abd3d3870ce26f8b6738efaaf0b537cf7ca47a73d36ef10d4f5db9e0e4f35dd7d9dfbbf5e6a1439b0efb6a3f1ad46d1bde7f729fbee7f8b2ba7bfeba63e5a127054323d3beb93f58c17ba0ed15ed9b8f7fb3edc5eb52fedebf8c6c7a38f9eae08137164d9a397581e6c30d7feb1aaabbbbf8fdec1b2e59f2eaf1d2ea2da94f6c91ac1c98f1d5d03b45b773583fb37ef7d507ac57d877c022c08745e02b7a1110d9d5dda5b8f6a74cdcc22ec5e55424dc9ab3f1e77f2f74925a351bb2d1a0d5278e1b14469215d2b080ae9b596375d3e6f341f184d47577ba1dff5bcc99c743b5be01dc8c2dc63ec8b5ef86186746444296ecfbbe4bf6bd34965162866c21b93424cb582b3b1565279154481217d9b22f179542fd6674affc6efd7eb7fbc7fd34ff9ccf73decffb9e73de799ee7fb3ceffb9ce38872e1550e40b9fbf97ba0d044e70e1c010e035208a4b414204770ee48c4ae280510c59f1743ff9d7fcfc67b578e0d6b268b9df782ff32de3031d99e6e246058fa74844d5f907eb9b7a857b71405f0322e50be304d65d14ae150492e4bb305848748bc66cf352cc652d2bfa7234b5b8dede6792c25189db9b6e1c629be7d6e26866b7e463f0fdf2260d295f0f1c433aa1efbf29e0a15b2dc0f85debfbabd84fda66e5211d5330d53878b9444199819d34c918a6f79262501bed1eb5640e6c70b03b8ea593edc85cd3ee8fa811a131fe3db2792b23549b4355c1945445d6fe0a69e5360b4733f4416316a305361b32397cc823f81ae71191eb848c200a82fd58c0aa8d73d9030cd2ee70e56460475678cc947fc8a7704dfe1a2addc7e9f51057acaaf63faf903795b2b2fe44fff5e4c989122807ecfe39003a484c33e7ffedde892e8beb9e8c9c808fa1705305050fdc1041610f10c098049fbe29b31490026219c99ae047bf2b8b9086e5a08ba2d364e6d926a35958f77ca77fcd7d513cb802e65c56be71494ea9eb5dca084c25d00c32f50d002081cca51cd518e52faf1b878af9958814a74e5bb4030dd07044d401d50db0704d97f1213139f43f5cba83f180f13e69a0117d7664baa26333277bb3468f829da480f5409479db1f1a181163f6d3c77b916decf941bef73aad602fc589f176a983e12727cc2a2aedcf21ae7381728aaa42e78ed52cfa23c6879a2f13235796782e6c4aa09cb884171f2d44c82e78bf09637296b14921749e7ae8809f29fde7ab73d159c0ea77d4f3971ba9e4d3f33d18bda3fb5162f77dd4da2dd886efe94ad126bda255ea5094a76e4876e84762042e1903fa473feb4c2e78bd4d0b1566ac7c4d597b50717f42f85b54b1fb2cf6b5aa80f85a89ceb37f1e75b06baea825d6c6d4007a999e9fa8698d3de1ebbe76a592d2139f3e16254b791f96ce6e914ef1239ddfe77e8a65b6c21a744577233440f5304b19f7aa4c0edc3835d857488d73d53ad9efeb0187a6732ff064aba56bffd8c00937020e49871fc196b7555e6faeaea0a3db7ce6c95cfe168bef02c16c0755685c99ebd338b9faf4775eed05cdd8666b778ff20325c57584c53d0c17ade7ca570343db3eba85f03460445c1b81cc8d794816d1131bd5be9a9108b0f74bced8b871636ddd25865f2db89437a577d1a33ea8c1778e4da90c915cde40c569028b7ba5c3bc5377da7a2cbe976b02979bf32dcb024a5a220b8b83ae76a00fbabe4686800bf24f2c601df1c9b78a1a69c95c82ebe81056e8347d796b55ebf07b9f8c542423b3d3adff8ce17e19e22443fd3b5dbd80eea71e0073f4a6629c1cd58bd1e41f376002c650880253ff5270ae892fa765140fad7340013f3afb86224007c3148d11f31c8af190182800d5924202df7051a32bb2202208a3f3d63c182bf650798c80e30811d049b2b5efde8cfc0092f1df4bd8565d03b7c7fedae255fb60a8798d79cb5e1ad5a0a597632adfb616d34dc2347bc1e320d4256655bd3292a3ae55e8098112acf6369d1ced117524e0a7a9767695d9f73b7ef1bcb30a9a2166f2b7f75f350590855f9cbab565d27d9c9e75c036791c6c24c9233c5070c9f55abd5d80d3e80930614bbaf3ff6593f6a8b67dd50bfff5ad6b9c4d7593ab830c7895ee2f9f15f37274729695fd8a20bb44467681b73a0418d290a2b5b9387ac1978f4cc61b921feaf998ed668d90f2e2da95e897875aeea5c14c72bc5ca78bbd9588348f635bca4d55492bc449994657b8de227e4f36a5285caaaf264d90b7d99e1e26ff5cdaff0490bb5c9f93a8799dcbf4e5ffa8b40e4e38dfba45109ef1d567b8c9be253a2eb9bf950420e6cb0bbdd223059a134396d9967e72b93cb38058a6eba2e3af2788ec3b4321d622684ec9ef3e9281a3fb863a12448bada1b6223f94260f2b41dbd917a50f526c9787d0918eb30dccc52ddc0d16fa6332387a79f13d0aa67ab553b7f62aaa5cd3fe4b5ff8ce058937a7afb4a2ba7c57044c2a29e1650549c38b668935dbe3d52e13ad182c39c5b1a58d299d1122d82c20a8b42ddc2dfc49d0a76a8928c7c6971ddb6290806fb7dc9a70d7659fcf2f123062de317d5621f50e9b6f717a84aa252dffb6e06f35a8a43ed4ea65e5334908a1caa8839389aa5bf71b5a25e3dc73badeff5404cfc1e3b9708ec9cfb0efebec2f3bb79c92f7b1d98c16434dcd42426bb1befaa24caffcdd56fa0bc3fe3f197380a4624a9de6326d71f9f2fea40f40ac41e06acbfc08db8846a90a397a313a5f58f167d08764bb05a82b1ee25250e80940312b98b39fb7d9833060c01fd7d9853f931ccfd9ff15100269b78f3bc64181c8049013057f626094e0a602200a53f2f0706b14afd5d9a457c2b84f0641e3e8efe68a7d367e1ee281fe0f8de0060e0303792978b449784f8211a628d83c36e8dc3979a1834413afb47b58ecb5ecd129c97eb7b8998db5a5441da6b53343bfcf920ca8d3f03729571dc29395de56a681f9a26a9c5c5012eaeb8d9e6dfeb13f1a9516996ba4bbe49e366debac7b05313bf7401cece253229f492baa1d9204df2f93e761dcef5632a978c7b2a76bc261529e1a2196f14380afaef7005a5c84dcc393f5253080e115887861626a12212361e0b83d5c55ae318eaf26f92d3642cb97f7487a7e688298979596a39f15079f85aa75d9d8ad868bebcae7e68745bbea7417ac557a86cba5c64a967649dae3c1d864bd3a35380ac1d881de06943b24dacb64b3cb5c9baad2547fd90baf56169d974d5ab619618a31396b2c83322ec61951b229ba3e247793dd2aaac62dd7dfd8a6a506dc7c9290a41623045ac1254cf15d25cadf776fc7218a71f4be889a2c0e9e3622e796d76c6a7a2dab89c6470516343eb9b6bacf86b22e34f0a703dcb764eca933694d7a3152982287a292a0378981b1d1defacfef69083ac714cb9830eb63cea22b9887b87b7bd3a483280576fb05ac71550e96832a487f3f49088b6576614289d08e2967ed8979b9b1d12c2ff513395a7784b4320fc6dd66693578d0e6e622120987d71fe483a9a4de7f340b5807bc09bf28fdb971620e1f31ef2e5dbc012996ee2d858808fd31585de4c737d83a6700b7e7c3023922f644599ba5269eb4677be5d0b3e26c3e28cb9bee689669547198136d4e19a5e3be8ec96061f1fcf47c667a1b421864f1058b20a004b56020681004ceacf06d7f79703bf6e8ee4601e109dcf1f4a4c458aa0d9bff342b88baf12044107ec6f650104be762443105cdb4e8a5a51e2daef0318a631d1069fa4c8bb0beca380f3be2e340873c034472c1cf6dd526ad36fbf6e83170e17fc9f966dbaf75617ef5fd84c8605919868241646dccdf2b316a11846d81b4bd6551b512a21e8b842ca82344c6d9b8e1ca63fc2f0dcc455d08c62c8f80acb6cda35560f7f1bf1b2ea29b82883109d3af5964774b286f7c364679de1d638b231f71544d4cbd1db5da55796120a8dc2fc826f82c8ea77ea6bee75ce2dedb447930ccdd4653ae7f5c9777877386ccd6ddd67e9c1c97a2f1da2585bd188660ceee1fa6c21ff64c292db7cb623e600536ba177faf5e9ad665197cd63c7484b346ff32b87f015d5bf61ee4e52ddb2e15832086453beb57353933e4edeacd6b3b5be1039e2c4d0286399480e57e24cb2cb4d9899658f9d4d497b827ea7b8c0e985a5f30475d59b0bbbe7d3f28c099b0eea88dbf0c5e1b16018213c11fcfa1f5120b06016c229c65dd54cfc6989f8f777daf6e9a41dc0b65f25215f770c41848befb59023e877178e6510d24804f167fd8d46aace45ca6719c23a1684e3597cfb9bddb932eea2ff9232117505a10f0d03c75a90725a69e3500bd411daa252eca21d76eb43936bcbe78b53320466916e4c0b3413432f12f4853c85f3c6ae85dba74bf4c9d8bb30df7c35597e81d5675ef9600f6ae4b3df0a155e256b4dfb4c9898b17516cf32b85a422b458daf7ff90384d271c10c7de100fa02ee34d421c7c50646cee3da51d5e99ad9bfec38aa1ca851b3333a34bd83fd34ed64f5ecfe64158ed6e341df99d4dfdf06aadd7bfd00ddfbe9697e2d241b416e32ad5b5b778fc7cc0ebf1e39973c9a505f01c12c403315653cbdae77db29f7cee5bf18ceab9e1d1aa609855a0eaa88f7fbd6bd14958f5c50a16d8ea0341a3fba5e6ca55b1517085a296f155d0b288843c8fd96a046f21f4797e36e0d0a656e6473747265616d0d0a656e646f626a0d0a32352030206f626a0d0a5b20305b203530375d2020335b203232365d20203238365b203439385d20203430305b203339315d20203431305b203333355d20203436305b203339355d205d200d0a656e646f626a0d0a32362030206f626a0d0a5b203232365d200d0a656e646f626a0d0a32372030206f626a0d0a3c3c2f547970652f4d657461646174612f537562747970652f584d4c2f4c656e67746820333130313e3e0d0a73747265616d0d0a3c3f787061636b657420626567696e3d22efbbbf222069643d2257354d304d7043656869487a7265537a4e54637a6b633964223f3e3c783a786d706d65746120786d6c6e733a783d2261646f62653a6e733a6d6574612f2220783a786d70746b3d22332e312d373031223e0a3c7264663a52444620786d6c6e733a7264663d22687474703a2f2f7777772e77332e6f72672f313939392f30322f32322d7264662d73796e7461782d6e7323223e0a3c7264663a4465736372697074696f6e207264663a61626f75743d22222020786d6c6e733a7064663d22687474703a2f2f6e732e61646f62652e636f6d2f7064662f312e332f223e0a3c7064663a50726f64756365723e4d6963726f736f6674c2ae20576f72642061204d6963726f736f6674203336352d68c3b67a3c2f7064663a50726f64756365723e3c2f7264663a4465736372697074696f6e3e0a3c7264663a4465736372697074696f6e207264663a61626f75743d22222020786d6c6e733a64633d22687474703a2f2f7075726c2e6f72672f64632f656c656d656e74732f312e312f223e0a3c64633a63726561746f723e3c7264663a5365713e3c7264663a6c693e41647269656e6e204761737061726f766963733c2f7264663a6c693e3c2f7264663a5365713e3c2f64633a63726561746f723e3c2f7264663a4465736372697074696f6e3e0a3c7264663a4465736372697074696f6e207264663a61626f75743d22222020786d6c6e733a786d703d22687474703a2f2f6e732e61646f62652e636f6d2f7861702f312e302f223e0a3c786d703a43726561746f72546f6f6c3e4d6963726f736f6674c2ae20576f72642061204d6963726f736f6674203336352d68c3b67a3c2f786d703a43726561746f72546f6f6c3e3c786d703a437265617465446174653e323032332d30392d33305431343a35333a31362b30323a30303c2f786d703a437265617465446174653e3c786d703a4d6f64696679446174653e323032332d30392d33305431343a35333a31362b30323a30303c2f786d703a4d6f64696679446174653e3c2f7264663a4465736372697074696f6e3e0a3c7264663a4465736372697074696f6e207264663a61626f75743d22222020786d6c6e733a786d704d4d3d22687474703a2f2f6e732e61646f62652e636f6d2f7861702f312e302f6d6d2f223e0a3c786d704d4d3a446f63756d656e7449443e757569643a33344233463141312d364237362d343932412d414145422d3838363846394543303246323c2f786d704d4d3a446f63756d656e7449443e3c786d704d4d3a496e7374616e636549443e757569643a33344233463141312d364237362d343932412d414145422d3838363846394543303246323c2f786d704d4d3a496e7374616e636549443e3c2f7264663a4465736372697074696f6e3e0a202020202020202020202020202020202020202020202020202020202020202020202020202020202020202020202020202020202020202020202020202020202020202020202020202020202020202020202020202020202020202020202020202020200a202020202020202020202020202020202020202020202020202020202020202020202020202020202020202020202020202020202020202020202020202020202020202020202020202020202020202020202020202020202020202020202020202020200a202020202020202020202020202020202020202020202020202020202020202020202020202020202020202020202020202020202020202020202020202020202020202020202020202020202020202020202020202020202020202020202020202020200a202020202020202020202020202020202020202020202020202020202020202020202020202020202020202020202020202020202020202020202020202020202020202020202020202020202020202020202020202020202020202020202020202020200a202020202020202020202020202020202020202020202020202020202020202020202020202020202020202020202020202020202020202020202020202020202020202020202020202020202020202020202020202020202020202020202020202020200a202020202020202020202020202020202020202020202020202020202020202020202020202020202020202020202020202020202020202020202020202020202020202020202020202020202020202020202020202020202020202020202020202020200a202020202020202020202020202020202020202020202020202020202020202020202020202020202020202020202020202020202020202020202020202020202020202020202020202020202020202020202020202020202020202020202020202020200a202020202020202020202020202020202020202020202020202020202020202020202020202020202020202020202020202020202020202020202020202020202020202020202020202020202020202020202020202020202020202020202020202020200a202020202020202020202020202020202020202020202020202020202020202020202020202020202020202020202020202020202020202020202020202020202020202020202020202020202020202020202020202020202020202020202020202020200a202020202020202020202020202020202020202020202020202020202020202020202020202020202020202020202020202020202020202020202020202020202020202020202020202020202020202020202020202020202020202020202020202020200a202020202020202020202020202020202020202020202020202020202020202020202020202020202020202020202020202020202020202020202020202020202020202020202020202020202020202020202020202020202020202020202020202020200a202020202020202020202020202020202020202020202020202020202020202020202020202020202020202020202020202020202020202020202020202020202020202020202020202020202020202020202020202020202020202020202020202020200a202020202020202020202020202020202020202020202020202020202020202020202020202020202020202020202020202020202020202020202020202020202020202020202020202020202020202020202020202020202020202020202020202020200a202020202020202020202020202020202020202020202020202020202020202020202020202020202020202020202020202020202020202020202020202020202020202020202020202020202020202020202020202020202020202020202020202020200a202020202020202020202020202020202020202020202020202020202020202020202020202020202020202020202020202020202020202020202020202020202020202020202020202020202020202020202020202020202020202020202020202020200a202020202020202020202020202020202020202020202020202020202020202020202020202020202020202020202020202020202020202020202020202020202020202020202020202020202020202020202020202020202020202020202020202020200a202020202020202020202020202020202020202020202020202020202020202020202020202020202020202020202020202020202020202020202020202020202020202020202020202020202020202020202020202020202020202020202020202020200a202020202020202020202020202020202020202020202020202020202020202020202020202020202020202020202020202020202020202020202020202020202020202020202020202020202020202020202020202020202020202020202020202020200a202020202020202020202020202020202020202020202020202020202020202020202020202020202020202020202020202020202020202020202020202020202020202020202020202020202020202020202020202020202020202020202020202020200a202020202020202020202020202020202020202020202020202020202020202020202020202020202020202020202020202020202020202020202020202020202020202020202020202020202020202020202020202020202020202020202020202020200a3c2f7264663a5244463e3c2f783a786d706d6574613e3c3f787061636b657420656e643d2277223f3e0d0a656e6473747265616d0d0a656e646f626a0d0a32382030206f626a0d0a3c3c2f446973706c6179446f635469746c6520747275653e3e0d0a656e646f626a0d0a32392030206f626a0d0a3c3c2f547970652f585265662f53697a652032392f575b2031203420325d202f526f6f742031203020522f496e666f203134203020522f49445b3c41314631423333343736364232413439414145423838363846394543303246323e3c41314631423333343736364232413439414145423838363846394543303246323e5d202f46696c7465722f466c6174654465636f64652f4c656e677468203130363e3e0d0a73747265616d0d0a789c2dcc3b0e40501404d079fe2191686cc3022c879e44a35288c2266854d6a4b003ad9267c62de6343317b0f73cc666067c6ce220e6262ec42856e29562227e277671926026610f38f6450e47b8c213be30e26f0676172d9cc705491a52a7a21203692fe00566000f300d0a656e6473747265616d0d0a656e646f626a0d0a787265660d0a302033300d0a3030303030303030313520363535333520660d0a30303030303030303137203030303030206e0d0a30303030303030313633203030303030206e0d0a30303030303030323139203030303030206e0d0a30303030303030353033203030303030206e0d0a30303030303030373638203030303030206e0d0a30303030303030383938203030303030206e0d0a30303030303030393236203030303030206e0d0a30303030303031303833203030303030206e0d0a30303030303031313536203030303030206e0d0a30303030303031333935203030303030206e0d0a30303030303031343439203030303030206e0d0a30303030303031353033203030303030206e0d0a30303030303031363732203030303030206e0d0a30303030303031393132203030303030206e0d0a3030303030303030313620363535333520660d0a3030303030303030313720363535333520660d0a3030303030303030313820363535333520660d0a3030303030303030313920363535333520660d0a3030303030303030323020363535333520660d0a3030303030303030323120363535333520660d0a3030303030303030323220363535333520660d0a3030303030303030303020363535333520660d0a30303030303032363037203030303030206e0d0a30303030303032393237203030303030206e0d0a30303030303235363134203030303030206e0d0a30303030303235363939203030303030206e0d0a30303030303235373236203030303030206e0d0a30303030303238393130203030303030206e0d0a30303030303238393535203030303030206e0d0a747261696c65720d0a3c3c2f53697a652033302f526f6f742031203020522f496e666f203134203020522f49445b3c41314631423333343736364232413439414145423838363846394543303246323e3c41314631423333343736364232413439414145423838363846394543303246323e5d203e3e0d0a7374617274787265660d0a32393236320d0a2525454f460d0a787265660d0a3020300d0a747261696c65720d0a3c3c2f53697a652033302f526f6f742031203020522f496e666f203134203020522f49445b3c41314631423333343736364232413439414145423838363846394543303246323e3c41314631423333343736364232413439414145423838363846394543303246323e5d202f507265762032393236322f5852656653746d2032383935353e3e0d0a7374617274787265660d0a33303031390d0a2525454f46);

-- --------------------------------------------------------

--
-- Tábla szerkezet ehhez a táblához `hallgatokurzusai`
--

CREATE TABLE `hallgatokurzusai` (
  `kurzusID` int(11) NOT NULL,
  `HNeptunKod` varchar(11) NOT NULL
) ENGINE=InnoDB DEFAULT CHARSET=utf8mb4 COLLATE=utf8mb4_general_ci;

--
-- A tábla adatainak kiíratása `hallgatokurzusai`
--

INSERT INTO `hallgatokurzusai` (`kurzusID`, `HNeptunKod`) VALUES
(1, 'BATMAN'),
(1, 'TESZT2'),
(2, 'BATMAN');

-- --------------------------------------------------------

--
-- Tábla szerkezet ehhez a táblához `hetek`
--

CREATE TABLE `hetek` (
  `hetid` int(11) NOT NULL,
  `kurzusid` int(11) NOT NULL,
  `het` varchar(10) NOT NULL,
  `tesztid` int(11) NOT NULL
) ENGINE=InnoDB DEFAULT CHARSET=utf8mb4 COLLATE=utf8mb4_general_ci;

--
-- A tábla adatainak kiíratása `hetek`
--

INSERT INTO `hetek` (`hetid`, `kurzusid`, `het`, `tesztid`) VALUES
(1, 1, '1. hét', 1),
(2, 1, '2. hét', 2),
(3, 1, '3. hét', 3),
(4, 1, '4. hét', 4),
(5, 1, '5. hét', 5);

-- --------------------------------------------------------

--
-- Tábla szerkezet ehhez a táblához `karok`
--

CREATE TABLE `karok` (
  `id` int(11) NOT NULL,
  `karNeve` varchar(50) NOT NULL
) ENGINE=InnoDB DEFAULT CHARSET=utf8mb4 COLLATE=utf8mb4_general_ci;

--
-- A tábla adatainak kiíratása `karok`
--

INSERT INTO `karok` (`id`, `karNeve`) VALUES
(1, 'Bölcsészettudományi és Művészeti Kar'),
(2, 'Gazdaság- és Társadalomtudámányi Kar'),
(3, 'Informatikai Kar'),
(4, 'Pedagógiai Kar'),
(5, 'Természettudományi Kar');

-- --------------------------------------------------------

--
-- Tábla szerkezet ehhez a táblához `kurzus`
--

CREATE TABLE `kurzus` (
  `kurzusid` int(11) NOT NULL,
  `kurzusnev` varchar(40) NOT NULL,
  `koktato` varchar(6) NOT NULL
) ENGINE=InnoDB DEFAULT CHARSET=utf8mb4 COLLATE=utf8mb4_general_ci;

--
-- A tábla adatainak kiíratása `kurzus`
--

INSERT INTO `kurzus` (`kurzusid`, `kurzusnev`, `koktato`) VALUES
(1, 'Teszt kurzus', 'VALAMI'),
(2, 'Teszt kurzus 2', 'VALAMI');

-- --------------------------------------------------------

--
-- Tábla szerkezet ehhez a táblához `tesztsor`
--

CREATE TABLE `tesztsor` (
  `tesztID` int(11) NOT NULL,
  `kurzusNEV` varchar(40) NOT NULL,
  `hetID` int(11) NOT NULL,
  `kerdes` varchar(50) NOT NULL,
  `a` varchar(30) NOT NULL,
  `b` varchar(30) NOT NULL,
  `c` varchar(30) NOT NULL,
  `d` varchar(30) NOT NULL,
  `e` varchar(30) NOT NULL,
  `f` varchar(30) NOT NULL,
  `helyesValasz` varchar(1) NOT NULL,
  `nehez` int(1) NOT NULL
) ;

--
-- A tábla adatainak kiíratása `tesztsor`
--

INSERT INTO `tesztsor` (`tesztID`, `kurzusNEV`, `hetID`, `kerdes`, `a`, `b`, `c`, `d`, `e`, `f`, `helyesValasz`, `nehez`) VALUES
(1, 'Teszt kurzus', 1, 'Kicsoda Bruce Wayne?', 'Batman', 'Joker', 'Scarecrow', 'Bane', 'Penguin', 'Red Hood', 'a', 1),
(2, 'Teszt kurzus', 2, 'Kicsoda Cthulhu?', 'Szomszéd', 'A boltos', 'Az anyukám', 'Egy politikus', 'Ica néni a boltból', 'Elder One', 'f', 0),
(3, 'Teszt kurzus', 3, 'Mi az alma?', 'zöldség', 'gyümölcs', 'halmazállapot', 'innivaló', 'gondolati dolog', 'egyik sem', 'b', 0),
(4, 'Teszt kurzus', 4, 'Mi a karalábé?', 'gyümölcs', 'innivaló', 'szín', 'márka', 'zöldség', 'egyik sem', 'e', 1),
(5, 'Teszt kurzus', 5, 'Milyen a diós csiga?', 'diós', 'finom', 'jó az illata', 'sokan szeretik', 'minden fenti válaszlehetőség', 'egyik sem', 'e', 0),
(6, 'Teszt kurzus', 5, 'Mi igaz a fahéjas csigára?', 'Csigából készül', 'Sokan szeretik', 'Ez egy hangszer', 'Nem létező dolog', 'Egyik sem', 'Mind', 'b', 0),
(7, 'Teszt kurzus', 4, 'Hogy érzed magad?', 'nagyon jól', 'jól', 'átlagosan', 'rosszul', 'nagyon rosszul', 'fáradt vagyok', 'a', 1),
(8, 'Teszt kurzus', 2, 'Nehéz kérdés teszt', 'A', 'B', 'C', 'D', 'E', 'F', 'e', 0),
(14, 'Teszt kurzus', 3, 'Vajon működik CSS-el is?', 'A', 'B', 'Igen', 'Nem :(', 'E', 'F', 'c', 1),
(15, 'Teszt kurzus 2', 1, 'Vajon így jó?', 'a', 'b', 'c', 'd', 'e', 'f', 'a', 1),
(17, 'Teszt kurzus 2', 5, 'És így jó lesz?', 'a', 'b', 'c', 'd', 'e', 'f', 'f', 0);

-- --------------------------------------------------------

--
-- Tábla szerkezet ehhez a táblához `userdatas`
--

CREATE TABLE `userdatas` (
  `neptunKod` varchar(6) NOT NULL,
  `nev` varchar(50) NOT NULL,
  `kar` int(2) NOT NULL,
  `szak` varchar(50) NOT NULL,
  `tagozat` varchar(50) NOT NULL
) ENGINE=InnoDB DEFAULT CHARSET=utf8mb4 COLLATE=utf8mb4_general_ci;

--
-- A tábla adatainak kiíratása `userdatas`
--

INSERT INTO `userdatas` (`neptunKod`, `nev`, `kar`, `szak`, `tagozat`) VALUES
('BATMAN', 'Bat Man', 3, 'Gazdaságinformatikus BA', 'Nappali'),
('TESZT2', 'Teszt Teszt', 3, 'Gazdaságinformatikus BA', 'nappali');

-- --------------------------------------------------------

--
-- Tábla szerkezet ehhez a táblához `userdatasoktato`
--

CREATE TABLE `userdatasoktato` (
  `neptunKod` varchar(6) NOT NULL,
  `onev` varchar(50) NOT NULL,
  `kar` int(11) NOT NULL,
  `oemail` varchar(50) NOT NULL,
  `ofogado` varchar(50) NOT NULL
) ENGINE=InnoDB DEFAULT CHARSET=utf8mb4 COLLATE=utf8mb4_general_ci;

--
-- A tábla adatainak kiíratása `userdatasoktato`
--

INSERT INTO `userdatasoktato` (`neptunKod`, `onev`, `kar`, `oemail`, `ofogado`) VALUES
('VALAMI', 'Val Ami', 2, 'valami@uni-eszterhazy.hu', 'Kedd 17:20-19:00');

-- --------------------------------------------------------

--
-- Tábla szerkezet ehhez a táblához `users`
--

CREATE TABLE `users` (
  `id` int(10) NOT NULL,
  `neptun_kod` varchar(6) NOT NULL,
  `jelszo` varchar(40) NOT NULL,
  `user_type` int(11) NOT NULL,
  `avatar` longblob DEFAULT NULL
) ENGINE=InnoDB DEFAULT CHARSET=utf8mb4 COLLATE=utf8mb4_general_ci;

--
-- A tábla adatainak kiíratása `users`
--

INSERT INTO `users` (`id`, `neptun_kod`, `jelszo`, `user_type`, `avatar`) VALUES
(1, 'BATMAN', 'alma', 2, 0x617661746172732f7361726b616e79342e706e67),
(2, 'VALAMI', 'alma', 1, 0x617661746172732f7361726b616e795f312e706e67),
(10, 'TESZT2', 'Te$zT02', 2, NULL);

-- --------------------------------------------------------

--
-- Tábla szerkezet ehhez a táblához `usertypes`
--

CREATE TABLE `usertypes` (
  `utypeID` int(11) NOT NULL,
  `utypeName` varchar(20) NOT NULL
) ENGINE=InnoDB DEFAULT CHARSET=utf8mb4 COLLATE=utf8mb4_general_ci;

--
-- A tábla adatainak kiíratása `usertypes`
--

INSERT INTO `usertypes` (`utypeID`, `utypeName`) VALUES
(1, 'Oktató'),
(2, 'Hallgató');

--
-- Indexek a kiírt táblákhoz
--

--
-- A tábla indexei `eredmenyek`
--
ALTER TABLE `eredmenyek`
  ADD PRIMARY KEY (`eredmeny_ID`),
  ADD KEY `het_ID` (`het_ID`),
  ADD KEY `teszt_ID` (`teszt_ID`),
  ADD KEY `neptun_KOD` (`neptun_KOD`),
  ADD KEY `kurzus_ID` (`kurzus_NEV`);

--
-- A tábla indexei `fajlok`
--
ALTER TABLE `fajlok`
  ADD PRIMARY KEY (`fajlid`),
  ADD KEY `hetid` (`hetid`);

--
-- A tábla indexei `hallgatokurzusai`
--
ALTER TABLE `hallgatokurzusai`
  ADD KEY `kurzusID` (`kurzusID`,`HNeptunKod`),
  ADD KEY `HNeptunKod` (`HNeptunKod`);

--
-- A tábla indexei `hetek`
--
ALTER TABLE `hetek`
  ADD PRIMARY KEY (`hetid`),
  ADD KEY `kurzusid` (`kurzusid`),
  ADD KEY `tesztid` (`tesztid`);

--
-- A tábla indexei `karok`
--
ALTER TABLE `karok`
  ADD PRIMARY KEY (`id`);

--
-- A tábla indexei `kurzus`
--
ALTER TABLE `kurzus`
  ADD PRIMARY KEY (`kurzusid`),
  ADD UNIQUE KEY `kurzusnev_2` (`kurzusnev`),
  ADD KEY `koktató` (`koktato`);

--
-- A tábla indexei `tesztsor`
--
ALTER TABLE `tesztsor`
  ADD PRIMARY KEY (`tesztID`),
  ADD KEY `hetID` (`hetID`),
  ADD KEY `kurzusNEV` (`kurzusNEV`);

--
-- A tábla indexei `userdatas`
--
ALTER TABLE `userdatas`
  ADD PRIMARY KEY (`neptunKod`),
  ADD KEY `kar` (`kar`);

--
-- A tábla indexei `userdatasoktato`
--
ALTER TABLE `userdatasoktato`
  ADD PRIMARY KEY (`neptunKod`),
  ADD KEY `kar` (`kar`);

--
-- A tábla indexei `users`
--
ALTER TABLE `users`
  ADD PRIMARY KEY (`id`),
  ADD UNIQUE KEY `neptun_kod` (`neptun_kod`),
  ADD KEY `user_type` (`user_type`) USING BTREE,
  ADD KEY `neptun_kod_2` (`neptun_kod`);

--
-- A tábla indexei `usertypes`
--
ALTER TABLE `usertypes`
  ADD PRIMARY KEY (`utypeID`),
  ADD UNIQUE KEY `utypeID` (`utypeID`);

--
-- A kiírt táblák AUTO_INCREMENT értéke
--

--
-- AUTO_INCREMENT a táblához `eredmenyek`
--
ALTER TABLE `eredmenyek`
  MODIFY `eredmeny_ID` int(11) NOT NULL AUTO_INCREMENT, AUTO_INCREMENT=2;

--
-- AUTO_INCREMENT a táblához `hetek`
--
ALTER TABLE `hetek`
  MODIFY `hetid` int(11) NOT NULL AUTO_INCREMENT, AUTO_INCREMENT=6;

--
-- AUTO_INCREMENT a táblához `kurzus`
--
ALTER TABLE `kurzus`
  MODIFY `kurzusid` int(11) NOT NULL AUTO_INCREMENT, AUTO_INCREMENT=3;

--
-- AUTO_INCREMENT a táblához `tesztsor`
--
ALTER TABLE `tesztsor`
  MODIFY `tesztID` int(11) NOT NULL AUTO_INCREMENT;

--
-- Megkötések a kiírt táblákhoz
--

--
-- Megkötések a táblához `eredmenyek`
--
ALTER TABLE `eredmenyek`
  ADD CONSTRAINT `eredmenyek_ibfk_1` FOREIGN KEY (`het_ID`) REFERENCES `hetek` (`hetid`),
  ADD CONSTRAINT `eredmenyek_ibfk_2` FOREIGN KEY (`kurzus_NEV`) REFERENCES `kurzus` (`kurzusnev`),
  ADD CONSTRAINT `eredmenyek_ibfk_3` FOREIGN KEY (`neptun_KOD`) REFERENCES `userdatas` (`neptunKod`),
  ADD CONSTRAINT `eredmenyek_ibfk_4` FOREIGN KEY (`teszt_ID`) REFERENCES `tesztsor` (`tesztID`);

--
-- Megkötések a táblához `fajlok`
--
ALTER TABLE `fajlok`
  ADD CONSTRAINT `fajlok_ibfk_1` FOREIGN KEY (`hetid`) REFERENCES `hetek` (`hetid`);

--
-- Megkötések a táblához `hallgatokurzusai`
--
ALTER TABLE `hallgatokurzusai`
  ADD CONSTRAINT `hallgatokurzusai_ibfk_1` FOREIGN KEY (`kurzusID`) REFERENCES `kurzus` (`kurzusid`),
  ADD CONSTRAINT `hallgatokurzusai_ibfk_2` FOREIGN KEY (`kurzusID`) REFERENCES `kurzus` (`kurzusid`),
  ADD CONSTRAINT `hallgatokurzusai_ibfk_3` FOREIGN KEY (`HNeptunKod`) REFERENCES `userdatas` (`neptunKod`);

--
-- Megkötések a táblához `hetek`
--
ALTER TABLE `hetek`
  ADD CONSTRAINT `hetek_ibfk_1` FOREIGN KEY (`kurzusid`) REFERENCES `kurzus` (`kurzusid`),
  ADD CONSTRAINT `hetek_ibfk_2` FOREIGN KEY (`tesztid`) REFERENCES `tesztsor` (`tesztID`);

--
-- Megkötések a táblához `kurzus`
--
ALTER TABLE `kurzus`
  ADD CONSTRAINT `kurzus_ibfk_1` FOREIGN KEY (`koktato`) REFERENCES `userdatasoktato` (`neptunKod`);

--
-- Megkötések a táblához `tesztsor`
--
ALTER TABLE `tesztsor`
  ADD CONSTRAINT `tesztsor_ibfk_1` FOREIGN KEY (`kurzusNEV`) REFERENCES `kurzus` (`kurzusnev`),
  ADD CONSTRAINT `tesztsor_ibfk_2` FOREIGN KEY (`hetID`) REFERENCES `hetek` (`hetid`);

--
-- Megkötések a táblához `userdatas`
--
ALTER TABLE `userdatas`
  ADD CONSTRAINT `userdatas_ibfk_1` FOREIGN KEY (`neptunKod`) REFERENCES `users` (`neptun_kod`),
  ADD CONSTRAINT `userdatas_ibfk_2` FOREIGN KEY (`neptunKod`) REFERENCES `users` (`neptun_kod`),
  ADD CONSTRAINT `userdatas_ibfk_3` FOREIGN KEY (`kar`) REFERENCES `karok` (`id`);

--
-- Megkötések a táblához `userdatasoktato`
--
ALTER TABLE `userdatasoktato`
  ADD CONSTRAINT `userdatasoktato_ibfk_1` FOREIGN KEY (`kar`) REFERENCES `karok` (`id`);

--
-- Megkötések a táblához `users`
--
ALTER TABLE `users`
  ADD CONSTRAINT `FK_userT` FOREIGN KEY (`user_type`) REFERENCES `usertypes` (`utypeID`);

--
-- Megkötések a táblához `usertypes`
--
ALTER TABLE `usertypes`
  ADD CONSTRAINT `FK_uType` FOREIGN KEY (`utypeID`) REFERENCES `users` (`user_type`);
COMMIT;

/*!40101 SET CHARACTER_SET_CLIENT=@OLD_CHARACTER_SET_CLIENT */;
/*!40101 SET CHARACTER_SET_RESULTS=@OLD_CHARACTER_SET_RESULTS */;
/*!40101 SET COLLATION_CONNECTION=@OLD_COLLATION_CONNECTION */;
